simp_word,trad_word,freq,pinyin
轿车,轎車,1424796,jiao che
二手车,二手車,1112665,er shou che
新车,新車,824358,xin che
摩托车,摩托車,635529,mo tuo che
用车,用車,574181,yong che
熊猫,熊貓,547034,xiong mao
车展,車展,520508,che zhan
模具,模具,501372,mu ju
仪表,儀表,434898,yi biao
一汽,一汽,396127,yi qi
遥控,遙控,363210,yao kong
零部件,零部件,360012,ling bu jian
全保,全保,346211,quan bao
奥迪,奧迪,326960,ao di
制动,制動,322143,zhi dong
星光,星光,283843,xing guang
马自达,馬自達,268085,ma zi da
牵引,牽引,267810,qian yin
扭矩,扭矩,266823,niu ju
霸道,霸道,256877,ba dao
加油站,加油站,231838,jia you zhan
雅阁,雅閣,186698,ya ge
多普达,多普達,180147,duo pu da
指挥官,指揮官,161861,zhi hui guan
试驾,試駕,153699,shi jia
驾校,駕校,151105,jia xiao
比亚迪,比亞迪,147538,bi ya di
铃木,鈴木,144083,ling mu
雷诺,雷諾,137332,lei nuo
无畏,無畏,134195,wu wei
幻影,幻影,130315,huan ying
磨合,磨合,129255,mo he
越野车,越野車,126663,yue ye che
风华,風華,125223,feng hua
跃进,躍進,107550,yue jin
林肯,林肯,100281,lin ken
北京现代,北京現代,99890,bei jing xian dai
新车型,新車型,99322,xin che xing
乐风,樂風,99164,le feng
展馆,展館,94800,zhan guan
油品,油品,89877,you pin
电瓶,電瓶,85500,dian ping
东风日产,東風日產,83309,dong feng ri chan
多宝,多寶,83061,duo bao
金鹰,金鷹,81091,jin ying
飞碟,飛碟,80370,fei die
汽车零部件,汽車零部件,77561,qi che ling bu jian
推车,推車,75208,tui che
中国二手车城,中國二手車城,75033,zhong guo er shou che cheng
蒙迪欧,蒙迪歐,74946,meng di ou
熄火,熄火,67504,xi huo
前保,前保,66741,qian bao
排放标准,排放標準,65601,pai fang biao zhun
野马,野馬,64462,ye ma
斯柯达,斯柯達,64091,si ke da
如虎,如虎,63744,ru hu
尾灯,尾燈,60438,wei deng
诺亚,諾亞,59479,nuo ya
排放量,排放量,841,pai fang liang
乐骋,樂騁,52194,le cheng
斯巴鲁,斯巴魯,51137,si ba lu
新凯,新凱,51033,xin kai
金牛座,金牛座,50659,jin niu zuo
猎豹,獵豹,48451,lie bao
中高级车,中高級車,48325,zhong gao ji che
自动挡,自動擋,47398,zi dong dang
自动变速箱,自動變速箱,46909,zi dong bian su xiang
犀牛,犀牛,46120,xi niu
新凯越,新凱越,45766,xin kai yue
拖车,拖車,45621,tuo che
欧陆,歐陸,45327,ou lu
计程车,計程車,44724,ji cheng che
汽车价格,汽車價格,41505,qi che jia ge
挡风玻璃,擋風玻璃,40925,dang feng bo li
奥克斯,奧克斯,39557,ao ke si
讴歌,謳歌,36576,ou ge
奥德赛,奧德賽,36172,ao de sai
碳纤维,碳纖維,35428,tan xian wei
东风悦达,東風悅達,35007,dong feng yue da
东风本田,東風本田,34937,dong feng ben tian
战斧,戰斧,34924,zhan fu
东风悦达起亚,東風悅達起亞,34385,dong feng yue da qi ya
挑战者,挑戰者,33958,tiao zhan zhe
品牌汽车,品牌汽車,33587,pin pai qi che
奥丁,奧丁,33267,ao ding
嘉华,嘉華,33136,jia hua
标枪,標槍,30930,biao qiang
高档轿车,高檔轎車,29726,gao dang jiao che
天津一汽,天津一汽,29372,tian jin yi qi
千斤顶,千斤頂,28702,qian jin ding
梅赛德斯,梅賽德斯,27788,mei sai de si
强音,強音,27744,qiang yin
手动变速箱,手動變速箱,26975,shou dong bian su xiang
真空泵,真空泵,25805,zhen kong beng
欧宝,歐寶,25253,ou bao
凌志,凌志,25166,ling zhi
颐达,頤達,25093,yi da
小灯,小燈,25058,xiao deng
戴姆勒,戴姆勒,23939,dai mu lei
汽车销售服务,汽車銷售服務,23802,qi che xiao shou fu wu
汽车贸易,汽車貿易,23490,qi che mao yi
一汽马自达,一汽馬自達,23136,yi qi ma zi da
休闲车,休閒車,22990,xiu xian che
被动安全,被動安全,22646,bei dong an quan
盖板,蓋板,22062,gai ban
逍客,逍客,21788,xiao ke
一汽轿车,一汽轎車,21157,yi qi jiao che
仪表台,儀表臺,20818,yi biao tai
小排量汽车,小排量汽車,19699,xiao pai liang qi che
酷路泽,酷路澤,19653,ku lu ze
老爷车,老爺車,19421,lao ye che
汽车俱乐部,汽車俱樂部,19392,qi che ju le bu
腿部空间,腿部空間,19347,tui bu kong jian
肖子,肖子,19346,xiao zi
源动力,源動力,19133,yuan dong li
热板,熱板,18744,re ban
玩车,玩車,18304,wan che
进气格栅,進氣格柵,18203,jin qi ge zha
铆钉,鉚釘,18008,mao ding
工位,工位,17230,gong wei
发动机转速,發動機轉速,17139,fa dong ji zhuan su
甩尾,甩尾,16852,shuai wei
英菲尼迪,英菲尼迪,16639,ying fei ni di
鼓风机,鼓風機,16427,gu feng ji
汽车销售服务有限公司,汽車銷售服務有限公司,16274,qi che xiao shou fu wu you xian gong si
部分车型,部分車型,16272,bu fen che xing
改款车,改款車,16102,gai kuan che
公路客运,公路客運,15999,gong lu ke yun
大众中国,大衆中國,15448,da zhong zhong guo
头部空间,頭部空間,15076,tou bu kong jian
砂纸,砂紙,14927,sha zhi
德尔福,德爾福,14915,de er fu
新爱丽舍,新愛麗舍,14810,xin ai li she
全球定位系统,全球定位系統,14702,quan qiu ding wei xi tong
汽车营销,汽車營銷,14509,qi che ying xiao
年度车,年度車,14391,nian du che
颂歌,頌歌,14343,song ge
远舰,遠艦,14324,yuan jian
山地车,山地車,14312,shan di che
华夏二手车,華夏二手車,14222,hua xia er shou che
利欧,利歐,13981,li ou
镀锌板,鍍鋅板,13640,du xin ban
安源,安源,13406,an yuan
防爆膜,防爆膜,12890,fang bao mo
托架,托架,12572,tuo jia
维修厂,維修廠,12558,wei xiu chang
领航员,領航員,12279,ling hang yuan
大包围,大包圍,12200,da bao wei
乙炔,乙炔,12181,yi gui
前围,前圍,12085,qian wei
练习曲,練習曲,11858,lian xi qu
驾校一点通,駕校一點通,11613,jia xiao yi dian tong
逃遁,逃遁,11428,tao dun
制动液,制動液,11134,zhi dong ye
止回阀,止回閥,11090,zhi hui fa
车展期间,車展期間,11041,che zhan qi jian
倒模,倒模,11026,dao mo
风挡玻璃,風擋玻璃,10934,feng dang bo li
伽马,伽馬,10738,ga ma
轮定位,輪定位,10717,lun ding wei
电解液,電解液,10604,dian jie ye
动力转向,動力轉向,10555,dong li zhuan xiang
轮距,輪距,10467,lun ju
真空管,真空管,10394,zhen kong guan
陆地巡洋舰,陸地巡洋艦,10139,lu di xun yang jian
志翔,志翔,10130,zhi xiang
别克凯越,別克凱越,10125,bie ke kai yue
前挡风玻璃,前擋風玻璃,10058,qian dang feng bo li
恒温空调,恆溫空調,9948,heng wen kong tiao
支持环,支持環,9888,zhi chi huan
膜片,膜片,9805,mo pian
汽车贸易有限公司,汽車貿易有限公司,9803,qi che mao yi you xian gong si
应急灯,應急燈,9616,ying ji deng
业界动态,業界動態,9486,ye jie dong tai
浙江汽车网,浙江汽車網,9258,zhe jiang qi che wang
新能源车,新能源車,8812,xin neng yuan che
测试机,測試機,8696,ce shi ji
手动豪华,手動豪華,8689,shou dong hao hua
布加迪,布加迪,8649,bu jia di
牵引力控制系统,牽引力控制系統,8647,qian yin li kong zhi xi tong
长安马自达,長安馬自達,8572,chang an ma zi da
昌河铃木,昌河鈴木,8526,chang he ling mu
违章查询,違章查詢,8502,wei zhang cha xun
中华骏捷,中華駿捷,8482,zhong hua jun jie
前风挡,前風擋,8441,qian feng dang
下护,下護,8420,xia hu
高位刹车,高位剎車,8211,gao wei sha che
四轮定位,四輪定位,8160,si lun ding wei
高位刹车灯,高位剎車燈,8067,gao wei sha che deng
连接管,連接管,8003,lian jie guan
达路,達路,7841,da lu
温度传感器,溫度傳感器,7837,wen du chuan gan qi
车载电话,車載電話,7791,che zai dian hua
贾新光,賈新光,7728,jia xin guang
上海大众斯柯达,上海大衆斯柯達,7687,shang hai da zhong si ke da
自动豪华,自動豪華,7383,zi dong hao hua
大切诺基,大切諾基,7353,da qie nuo ji
摩托车配件,摩托車配件,7233,mo tuo che pei jian
指南者,指南者,7227,zhi nan zhe
通用别克,通用別克,7039,tong yong bie ke
北汽控股,北汽控股,6850,bei qi kong gu
接地线,接地線,6788,jie di xian
冷媒,冷媒,6771,leng mei
远光灯,遠光燈,6730,yuan guang deng
无钥匙,無鑰匙,6702,wu yao shi
前格栅,前格柵,6657,qian ge zha
直列四缸,直列四缸,6652,zhi lie si gang
卤素灯,鹵素燈,6621,lu su deng
纸巾盒,紙巾盒,6577,zhi jin he
轿车化,轎車化,6510,jiao che hua
遥控钥匙,遙控鑰匙,6486,yao kong yao shi
西耶那,西耶那,6340,xi ye na
中国汽车技术研究中心,中國汽車技術研究中心,6275,zhong guo qi che ji shu yan jiu zhong xin
四缸发动机,四缸發動機,6274,si gang fa dong ji
轮眉,輪眉,6164,lun mei
没有现车,沒有現車,6071,mei you xian che
中国汽车网,中國汽車網,6063,zhong guo qi che wang
空气清新剂,空氣清新劑,6018,kong qi qing xin ji
液位计,液位計,5992,ye wei ji
装饰灯,裝飾燈,5954,zhuang shi deng
锁芯,鎖芯,5901,suo xin
前后保险杠,前後保險槓,5883,qian hou bao xian gang
内后视镜,內後視鏡,5812,nei hou shi jing
侧围,側圍,5805,ce wei
路况下,路況下,5799,lu kuang xia
中低音,中低音,5793,zhong di yin
蒙迪欧致胜,蒙迪歐致勝,5759,meng di ou zhi sheng
危险货物运输,危險貨物運輸,5751,wei xian huo wu yun shu
奇骏,奇駿,5745,qi jun
螺帽,螺帽,5743,luo mao
陆风汽车,陸風汽車,5715,lu feng qi che
新佳乐,新佳樂,5706,xin jia le
防眩目,防眩目,5662,fang xuan mu
前照灯,前照燈,5654,qian zhao deng
被动安全性,被動安全性,5448,bei dong an quan xing
转弯半径,轉彎半徑,5429,zhuan wan ban jing
品牌二手车,品牌二手車,5368,pin pai er shou che
高速过弯,高速過彎,5274,gao su guo wan
巴黎车展,巴黎車展,5264,ba li che zhan
驾驶员座椅,駕駛員座椅,5251,jia shi yuan zuo yi
随动转向,隨動轉向,5236,sui dong zhuan xiang
周末风,週末風,5102,zhou mo feng
梅甘娜,梅甘娜,5048,mei gan na
电喷发动机,電噴發動機,5044,dian pen fa dong ji
生产工艺技术,生產工藝技術,5008,sheng chan gong yi ji shu
派喜,派喜,4914,pai xi
乱穿马路,亂穿馬路,4901,luan chuan ma lu
车载冰箱,車載冰箱,4897,che zai bing xiang
电子制动力分配系统,電子制動力分配系統,4756,dian zi zhi dong li fen pei xi tong
普利茅斯,普利茅斯,4655,pu li mao si
隔热材料,隔熱材料,4629,ge re cai liao
座椅靠背,座椅靠背,4617,zuo yi kao bei
伊兰特悦动,伊蘭特悅動,4609,yi lan te yue dong
后风挡,後風擋,4602,hou feng dang
上海通用别克,上海通用別克,4576,shang hai tong yong bie ke
缺陷产品,缺陷產品,4575,que xian chan pin
点火线圈,點火線圈,4476,dian huo xian quan
仿桃木,仿桃木,4470,fang tao mu
清障车,清障車,4449,qing zhang che
牛腿,牛腿,4389,niu tui
手动空调,手動空調,4304,shou dong kong tiao
四轮碟刹,四輪碟剎,4288,si lun die sha
中盖,中蓋,4256,zhong gai
铅块,鉛塊,4255,qian kuai
最小离地间隙,最小離地間隙,4239,zui xiao li di jian xi
一汽奥迪,一汽奧迪,4212,yi qi ao di
风骏,風駿,4207,feng jun
全球鹰,全球鷹,4149,quan qiu ying
圆镜,圓鏡,4123,yuan jing
小排量轿车,小排量轎車,4086,xiao pai liang jiao che
燃烧过程,燃燒過程,3923,ran shao guo cheng
亚星客车,亞星客車,3870,ya xing ke che
江南奥拓,江南奧拓,3843,jiang nan ao tuo
长丰猎豹,長豐獵豹,3792,zhang feng lie bao
车载电脑,車載電腦,3782,che zai dian nao
保险杆,保險桿,3732,bao xian gan
中国汽车工程学会,中國汽車工程學會,3711,zhong guo qi che gong cheng xue hui
缸内直喷,缸內直噴,3706,gang nei zhi pen
紧凑车型,緊湊車型,3611,jin cou che xing
标志灯具,標誌燈具,3578,biao zhi deng ju
直接驱动,直接驅動,3566,zhi jie qu dong
长城哈弗,長城哈弗,3536,chang cheng ha fu
赛拉图欧风,賽拉圖歐風,3528,sai la tu ou feng
旅行轿车,旅行轎車,3517,lv xing jiao che
座椅加热,座椅加熱,3517,zuo yi jia re
第一汽车集团公司,第一汽車集團公司,3515,di yi qi che ji tuan gong si
前风挡玻璃,前風擋玻璃,3488,qian feng dang bo li
两前,兩前,3478,liang qian
新嘉年华,新嘉年華,3452,xin jia nian hua
陆风风华,陸風風華,3288,lu feng feng hua
三角带,三角帶,3273,san jiao dai
转子发动机,轉子發動機,3248,zhuan zi fa dong ji
新奥德赛,新奧德賽,3231,xin ao de sai
汽车消费信贷,汽車消費信貸,3222,qi che xiao fei xin dai
电焊条,電焊條,3212,dian han tiao
经营处,經營處,3206,jing ying chu
复仇女神,復仇女神,3190,fu chou nv shen
手拉葫芦,手拉葫蘆,3162,shou la hu lu
欧菲莱斯,歐菲萊斯,3120,ou fei lai si
行业法规,行業法規,3103,hang ye fa gui
制动灯,制動燈,3092,zhi dong deng
北京国际汽车展览会,北京國際汽車展覽會,3086,bei jing guo ji qi che zhan lan hui
后挡风玻璃,後擋風玻璃,3080,hou dang feng bo li
陆霸,陸霸,3059,lu ba
排挡杆,排擋杆,3044,pai dang gan
汽车影音,汽車影音,2951,qi che ying yin
组合表,組合表,2908,zu he biao
双面胶带,雙面膠帶,2828,shuang mian jiao dai
新大地,新大地,2815,xin da di
汽车零部件有限公司,汽車零部件有限公司,2765,qi che ling bu jian you xian gong si
预紧式安全带,預緊式安全帶,2734,yu jin shi an quan dai
车门把手,車門把手,2665,che men ba shou
风阀,風閥,2662,feng fa
英格尔,英格爾,2637,ying ge er
隔热板,隔熱板,2612,ge re ban
分动箱,分動箱,2586,fen dong xiang
水温表,水溫表,2578,shui wen biao
试驾后,試駕後,2566,shi jia hou
兰德酷路泽,蘭德酷路澤,2524,lan de ku lu ze
恒温控制,恆溫控制,2517,heng wen kong zhi
低扭,低扭,2485,di niu
检查发动机,檢查發動機,2479,jian cha fa dong ji
行星齿轮,行星齒輪,2478,xing xing chi lun
合叶,合葉,2475,he ye
华晨中华,華晨中華,2466,hua chen zhong hua
特黑,特黑,2420,te hei
路帝,路帝,2384,lu di
轿车发动机,轎車發動機,2376,jiao che fa dong ji
印度斯坦,印度斯坦,2366,yin du si tan
车体结构,車體結構,2361,che ti jie gou
汽车维修技术,汽車維修技術,2344,qi che wei xiu ji shu
离去角,離去角,2254,li qu jiao
蓝牌车,藍牌車,2203,lan pai che
老车主,老車主,2168,lao che zhu
轮间,輪間,2143,lun jian
珠海国际赛车场,珠海國際賽車場,2137,zhu hai guo ji sai che chang
中大汽车,中大汽車,2067,zhong da qi che
驾驶员侧,駕駛員側,2061,jia shi yuan ce
圆锥滚子轴承,圓錐滾子軸承,2060,yuan zhui gun zi zhou cheng
电动玻璃,電動玻璃,2059,dian dong bo li
车载电台,車載電臺,2008,che zai dian tai
空调滤芯,空調濾芯,1992,kong tiao lv xin
东风康明斯,東風康明斯,1968,dong feng kang ming si
翱龙,翱龍,1963,ao long
江铃陆风,江鈴陸風,1943,jiang ling lu feng
车载导航系统,車載導航系統,1924,che zai dao hang xi tong
整车及零部件,整車及零部件,1913,zheng che ji ling bu jian
马来西亚大奖赛,馬來西亞大獎賽,1902,ma lai xi ya da jiang sai
前翼子板,前翼子板,1895,qian yi zi ban
超级维特拉,超級維特拉,1890,chao ji wei te la
阿斯顿马丁,阿斯頓馬丁,1890,a si dun ma ding
东风小康,東風小康,1882,dong feng xiao kang
试乘试驾车,試乘試駕車,1847,shi cheng shi jia che
制动钳,制動鉗,1838,zhi dong qian
车门玻璃,車門玻璃,1832,che men bo li
猎豹飞腾,獵豹飛騰,1817,lie bao fei teng
雷诺方程式,雷諾方程式,1814,lei nuo fang cheng shi
大型车展,大型車展,1809,da xing che zhan
叶子板,葉子板,1792,ye zi ban
内饰材料,內飾材料,1787,nei shi cai liao
合成机油,合成機油,1783,he cheng ji you
后风窗,後風窗,1751,hou feng chuang
标的车,標的車,1747,biao di che
飞行家,飛行家,1725,fei xing jia
纽博格林,紐博格林,1693,niu bo ge lin
锋范,鋒範,1690,feng fan
侧转向灯,側轉向燈,1685,ce zhuan xiang deng
功能关闭,功能關閉,1684,gong neng guan bi
非承载式车身,非承載式車身,1683,fei cheng zai shi che shen
该车主,該車主,1682,gai che zhu
防眩目后视镜,防眩目後視鏡,1678,fang xuan mu hou shi jing
戴姆勒克莱斯勒,戴姆勒克萊斯勒,1672,dai mu lei ke lai si lei
易熄火,易熄火,1658,yi xi huo
道奇凯领,道奇凱領,1655,dao qi kai ling
丰田陆地巡洋舰,豐田陸地巡洋艦,1629,feng tian lu di xun yang jian
汽车挡风玻璃,汽車擋風玻璃,1627,qi che dang feng bo li
凸缘,凸緣,1609,tu yuan
霍根海姆赛道,霍根海姆賽道,1608,huo gen hai mu sai dao
四轮定位仪,四輪定位儀,1607,si lun ding wei yi
幸福使者,幸福使者,1597,xing fu shi zhe
抗磨剂,抗磨劑,1595,kang mo ji
长城轿车,長城轎車,1587,chang cheng jiao che
车内后视镜,車內後視鏡,1586,che nei hou shi jing
电源转换器,電源轉換器,1580,dian yuan zhuan huan qi
汽车遥控,汽車遙控,1567,qi che yao kong
后制动,後製動,1560,hou zhi dong
叶片泵,葉片泵,1559,ye pian beng
下护板,下護板,1545,xia hu ban
克莱斯勒大捷龙,克萊斯勒大捷龍,1541,ke lai si lei da jie long
汽车覆盖件,汽車覆蓋件,1530,qi che fu gai jian
江铃集团,江鈴集團,1528,jiang ling ji tuan
汽车抛锚,汽車拋錨,1496,qi che pao mao
水砂纸,水砂紙,1494,shui sha zhi
日产逍客,日產逍客,1492,ri chan xiao ke
前置发动机,前置發動機,1491,qian zhi fa dong ji
无钥匙启动,無鑰匙啓動,1489,wu yao shi qi dong
后风挡玻璃,後風擋玻璃,1483,hou feng dang bo li
随车工具,隨車工具,1462,sui che gong ju
危险报警闪光灯,危險報警閃光燈,1447,wei xian bao jing shan guang deng
上海大众斯柯达明锐,上海大衆斯柯達明銳,1434,shang hai da zhong si ke da ming rui
前制动,前制動,1420,qian zhi dong
前排侧气囊,前排側氣囊,1419,qian pai ce qi nang
必比登,必比登,1395,bi bi deng
乔丹车队,喬丹車隊,1393,qiao dan che dui
保温隔热材料,保溫隔熱材料,1368,bao wen ge re cai liao
上止点,上止點,1366,shang zhi dian
点火钥匙,點火鑰匙,1356,dian huo yao shi
拖曳臂式,拖曳臂式,1351,tuo ye bi shi
不锈钢阀,不鏽鋼閥,1339,bu xiu gang fa
舍弗勒集团,舍弗勒集團,1335,she fu lei ji tuan
挡圈,擋圈,1312,dang quan
郑州日产帕拉丁,鄭州日產帕拉丁,1308,zheng zhou ri chan pa la ding
福特福克斯两厢,福特福克斯兩廂,1305,fu te fu ke si liang xiang
电路短路,電路短路,1304,dian lu duan lu
收放机,收放機,1304,shou fang ji
摇窗,搖窗,1297,yao chuang
表面缺陷,表面缺陷,1293,biao mian que xian
林肯领航员,林肯領航員,1284,lin ken ling hang yuan
影音网,影音網,1283,ying yin wang
固铂,固鉑,1278,gu bo
分频点,分頻點,1277,fen pin dian
双离合变速器,雙離合變速器,1274,shuang li he bian su qi
钢背,鋼背,1268,gang bei
奥克斯汽车,奧克斯汽車,1259,ao ke si qi che
清洁能源汽车,清潔能源汽車,1257,qing jie neng yuan qi che
吉利熊猫,吉利熊貓,1246,ji li xiong mao
羊毛球,羊毛球,1241,yang mao qiu
四川丰田,四川豐田,1240,si chuan feng tian
汽车电子电器,汽車電子電器,1234,qi che dian zi dian qi
行车灯,行車燈,1228,xing che deng
巴林大奖赛,巴林大獎賽,1207,ba lin da jiang sai
来展厅,來展廳,1205,lai zhan ting
阿尔法罗密欧,阿爾法羅密歐,1203,a er fa luo mi ou
高位制动灯,高位制動燈,1191,gao wei zhi dong deng
驰野,馳野,1188,chi ye
温控开关,溫控開關,1165,wen kong kai guan
水温传感器,水溫傳感器,1148,shui wen chuan gan qi
导购专题,導購專題,1147,dao gou zhuan ti
阿尔伯特公园赛道,阿爾伯特公園賽道,1143,a er bo te gong yuan sai dao
嵌条,嵌條,1140,qian tiao
青专,青專,1137,qing zhuan
浙江吉利控股集团,浙江吉利控股集團,1135,zhe jiang ji li kong gu ji tuan
仪表灯,儀表燈,1131,yi biao deng
长安福特福克斯,長安福特福克斯,1130,chang an fu te fu ke si
电器仪表,電器儀表,1113,dian qi yi biao
首次保养,首次保養,1107,shou ci bao yang
桥厂,橋廠,1099,qiao chang
林肯轿车,林肯轎車,1095,lin ken jiao che
空腔注蜡,空腔注蠟,1091,kong qiang zhu la
室盖,室蓋,1085,shi gai
改进剂,改進劑,1074,gai jin ji
铃鹿赛道,鈴鹿賽道,1063,ling lu sai dao
发动机控制单元,發動機控制單元,1063,fa dong ji kong zhi dan yuan
桑塔纳志俊,桑塔納志俊,1054,sang ta na zhi jun
汽车排放标准,汽車排放標準,1044,qi che pai fang biao zhun
宾利欧陆,賓利歐陸,1033,bin li ou lu
湖北汽车工业学院,湖北汽車工業學院,1026,hu bei qi che gong ye xue yuan
木炭汽车,木炭汽車,1019,mu tan qi che
米其林集团,米其林集團,1009,mi qi lin ji tuan
换防冻液,換防凍液,1007,huan fang dong ye
骨架油封,骨架油封,1003,gu jia you feng
饰框,飾框,994,shi kuang
长安志翔,長安志翔,993,chang an zhi xiang
饰盖,飾蓋,989,shi gai
电动助力转向系统,電動助力轉向系統,987,dian dong zhu li zhuan xiang xi tong
纵臂扭转,縱臂扭轉,977,zong bi niu zhuan
汽配公司,汽配公司,977,qi pei gong si
陡坡缓降,陡坡緩降,975,dou po huan jiang
五菱荣光,五菱榮光,955,wu ling rong guang
牌照板,牌照板,947,pai zhao ban
前轮定位,前輪定位,943,qian lun ding wei
长城嘉誉,長城嘉譽,942,chang cheng jia yu
摩雷,摩雷,932,mo lei
安全开关,安全開關,928,an quan kai guan
旅行房车,旅行房車,927,lv xing fang che
牌照框,牌照框,918,pai zhao kuang
小型乘用车,小型乘用車,913,xiao xing cheng yong che
侧窗玻璃,側窗玻璃,909,ce chuang bo li
优卡二手车网,優卡二手車網,905,you ka er shou che wang
铃木北斗星,鈴木北斗星,903,ling mu bei dou xing
无钥匙启动系统,無鑰匙啓動系統,903,wu yao shi qi dong xi tong
转速传感器,轉速傳感器,901,zhuan su chuan gan qi
纽博格林赛道,紐博格林賽道,901,niu bo ge lin sai dao
全时数字轿车,全時數字轎車,901,quan shi shu zi jiao che
自卸货车,自卸貨車,887,zi xie huo che
转向液,轉向液,873,zhuan xiang ye
从动轮,從動輪,872,cong dong lun
露营车,露營車,868,lu ying che
强制通风,強制通風,867,qiang zhi tong feng
下格栅,下格柵,867,xia ge zha
雷诺梅甘娜,雷諾梅甘娜,866,lei nuo mei gan na
储液罐,儲液罐,864,chu ye guan
甲壳虫汽车,甲殼蟲汽車,854,jia qiao chong qi che
下摆臂,下襬臂,852,xia bai bi
四冲程发动机,四衝程發動機,849,si chong cheng fa dong ji
非法改装车,非法改裝車,848,fei fa gai zhuang che
我试驾,我試駕,846,wo shi jia
自攻螺钉,自攻螺釘,825,zi gong luo ding
芯片钥匙,芯片鑰匙,820,xin pian yao shi
汽油直喷技术,汽油直噴技術,813,qi you zhi pen ji shu
安全带提醒装置,安全帶提醒裝置,811,an quan dai ti xing zhuang zhi
新福特嘉年华,新福特嘉年華,806,xin fu te jia nian hua
英国汽车工业,英國汽車工業,804,ying guo qi che gong ye
混合动力电动汽车,混合動力電動汽車,803,hun he dong li dian dong qi che
庞蒂亚克,龐蒂亞克,801,pang di ya ke
车辆稳定性控制系统,車輛穩定性控制系統,798,che liang wen ding xing kong zhi xi tong
前保险杆,前保險桿,797,qian bao xian gan
电磁换向阀,電磁換向閥,796,dian ci huan xiang fa
重庆国际车展,重慶國際車展,793,chong qing guo ji che zhan
未报案,未報案,790,wei bao an
汽车维修设备,汽車維修設備,790,qi che wei xiu she bei
北汽控股公司,北汽控股公司,788,bei qi kong gu gong si
农用汽车,農用汽車,783,nong yong qi che
车迷频道,車迷頻道,782,che mi pin dao
后置发动机,後置發動機,778,hou zhi fa dong ji
普瑞维亚,普瑞維亞,771,pu rui wei ya
变扭器,變扭器,769,bian niu qi
一汽威志,一汽威志,765,yi qi wei zhi
烟灰盒,菸灰盒,753,yan hui he
格兰披治大赛,格蘭披治大賽,751,ge lan pi zhi da sai
雅科仕,雅科仕,748,ya ke shi
凯立德地图,凱立德地圖,744,kai li de di tu
冷冻剂,冷凍劑,742,leng dong ji
电子电控,電子電控,739,dian zi dian kong
智能钥匙系统,智能鑰匙系統,738,zhi neng yao shi xi tong
抗磨液压油,抗磨液壓油,737,kang mo ye ya you
曲轴位置,曲軸位置,735,qu zhou wei zhi
西苑小区,西苑小區,735,xi yuan xiao qu
专项作业车,專項作業車,734,zhuan xiang zuo ye che
车门扶手,車門扶手,730,che men fu shou
林肯城市,林肯城市,730,lin ken cheng shi
天马英雄,天馬英雄,729,tian ma ying xiong
空调泵,空調泵,728,kong tiao beng
日产奇骏,日產奇駿,724,ri chan qi jun
飞碟汽车,飛碟汽車,711,fei die qi che
多楔带,多楔帶,708,duo xie dai
陈光祖,陳光祖,706,chen guang zu
别克凯越旅行车,別克凱越旅行車,706,bie ke kai yue lv xing che
米纳尔迪车队,米納爾迪車隊,700,mi na er di che dui
前挡膜,前擋膜,698,qian dang mo
日产尼桑,日產尼桑,695,ri chan ni sang
无盖加油系统,無蓋加油系統,695,wu gai jia you xi tong
东风渝安,東風渝安,690,dong feng yu an
吉利优利欧,吉利優利歐,684,ji li you li ou
电动玻璃升降器,電動玻璃升降器,677,dian dong bo li sheng jiang qi
全车隔音,全車隔音,672,quan che ge yin
大陆汽车俱乐部,大陸汽車俱樂部,667,da lu qi che ju le bu
空调管路,空調管路,666,kong tiao guan lu
后翼子板,後翼子板,666,hou yi zi ban
前阅读灯,前閱讀燈,664,qian yue du deng
道奇公羊,道奇公羊,662,dao qi gong yang
高品质音响,高品質音響,654,gao pin zhi yin xiang
行车制动,行車制動,653,xing che zhi dong
横滑,橫滑,648,heng hua
机滤芯,機濾芯,648,ji lv xin
变速器结构原理,變速器結構原理,645,bian su qi jie gou yuan li
英特拉格斯赛道,英特拉格斯賽道,644,ying te la ge si sai dao
后保险杆,後保險桿,643,hou bao xian gan
汽车空调压缩机,汽車空調壓縮機,640,qi che kong tiao ya suo ji
车门框,車門框,634,che men kuang
自动变速箱油,自動變速箱油,632,zi dong bian su xiang you
直列发动机,直列發動機,631,zhi lie fa dong ji
华翔富奇,華翔富奇,629,hua xiang fu qi
日常维护费,日常維護費,626,ri chang wei hu fei
奥迪汽车公司,奧迪汽車公司,625,ao di qi che gong si
制动管路,制動管路,625,zhi dong guan lu
扭力杆,扭力杆,624,niu li gan
发动机下护板,發動機下護板,621,fa dong ji xia hu ban
前风窗,前風窗,619,qian feng chuang
激转,激轉,618,ji zhuan
金港国际赛车场,金港國際賽車場,616,jin gang guo ji sai che chang
维伦纽夫赛道,維倫紐夫賽道,615,wei lun niu fu sai dao
遥控手柄,遙控手柄,604,yao kong shou bing
德国大众汽车集团,德國大衆汽車集團,599,de guo da zhong qi che ji tuan
电源锁,電源鎖,587,dian yuan suo
层焦,層焦,582,ceng jiao
千分表,千分表,581,qian fen biao
空气清净机,空氣清淨機,578,kong qi qing jing ji
发动机防盗锁止系统,發動機防盜鎖止系統,575,fa dong ji fang dao suo zhi xi tong
自动排挡,自動排擋,573,zi dong pai dang
起亚霸锐,起亞霸銳,571,qi ya ba rui
大灯高度可调,大燈高度可調,571,da deng gao du ke diao
东风悦达起亚狮跑,東風悅達起亞獅跑,567,dong feng yue da qi ya shi pao
火烧车,火燒車,560,huo shao che
曲轴位置传感器,曲軸位置傳感器,560,qu zhou wei zhi chuan gan qi
轮胎换位,輪胎換位,560,lun tai huan wei
交通安全产品,交通安全產品,555,jiao tong an quan chan pin
分电机,分電機,554,fen dian ji
风焊,風焊,554,feng han
菜瓜布,菜瓜布,551,cai gua bu
汽车挂件,汽車掛件,551,qi che gua jian
第一箱油,第一箱油,551,di yi xiang you
汽车技术服务与营销,汽車技術服務與營銷,551,qi che ji shu fu wu yu ying xiao
日全蚀,日全蝕,550,ri quan shi
气门弹簧,氣門彈簧,548,qi men tan huang
吉普大切诺基,吉普大切諾基,547,ji pu da qie nuo ji
内部短路,內部短路,544,nei bu duan lu
手排挡,手排擋,543,shou pai dang
非常城市,非常城市,541,fei chang cheng shi
玻璃清洗液,玻璃清洗液,539,bo li qing xi ye
比亚迪集团,比亞迪集團,538,bi ya di ji tuan
最大爬坡度,最大爬坡度,533,zui da pa po du
电源总开关,電源總開關,529,dian yuan zong kai guan
盖垫,蓋墊,528,gai dian
汽车制动液,汽車制動液,528,qi che zhi dong ye
汽车残值,汽車殘值,525,qi che can zhi
双龙主席,雙龍主席,519,shuang long zhu xi
大贸手续,大貿手續,519,da mao shou xu
保温炉,保溫爐,515,bao wen lu
定损人员,定損人員,511,ding sun ren yuan
魏红杰,魏紅傑,511,wei hong jie
涨紧轮,漲緊輪,509,zhang jin lun
考维特,考維特,508,kao wei te
车载自动诊断系统,車載自動診斷系統,507,che zai zi dong zhen duan xi tong
结构完整性,結構完整性,507,jie gou wan zheng xing
厦门金龙汽车,廈門金龍汽車,500,xia men jin long qi che
制动分泵,制動分泵,499,zhi dong fen beng
电磁开关,電磁開關,498,dian ci kai guan
三元催化转换器,三元催化轉換器,498,san yuan cui hua zhuan huan qi
安全带固定,安全帶固定,498,an quan dai gu ding
二手车鉴定评估师,二手車鑑定評估師,495,er shou che jian ding ping gu shi
电动转向,電動轉向,494,dian dong zhuan xiang
磨砂黑,磨砂黑,483,mo sha hei
猫扑汽车,貓撲汽車,481,mao pu qi che
名车志,名車志,479,ming che zhi
德国喜力士,德國喜力士,478,de guo xi li shi
斯柯达欧雅,斯柯達歐雅,475,si ke da ou ya
盲点信息系统,盲點信息系統,475,mang dian xin xi xi tong
弹簧垫圈,彈簧墊圈,474,tan huang dian juan
奔驰车队,奔馳車隊,472,ben chi che dui
一汽丰越,一汽豐越,472,yi qi feng yue
儿童乘车安全,兒童乘車安全,471,er tong cheng che an quan
南京跃进,南京躍進,468,nan jing yue jin
制动摩擦片,制動摩擦片,465,zhi dong mo ca pian
城市精灵,城市精靈,465,cheng shi jing ling
车内中控锁,車內中控鎖,461,che nei zhong kong suo
发动机漏油,發動機漏油,460,fa dong ji lou you
现代王,現代王,458,xian dai wang
丰田喜一郎,豐田喜一郎,455,feng tian xi yi lang
铃木吉姆尼,鈴木吉姆尼,453,ling mu ji mu ni
雨刮电机,雨刮電機,450,yu gua dian ji
随动转向大灯,隨動轉向大燈,450,sui dong zhuan xiang da deng
电子风扇,電子風扇,443,dian zi feng shan
上海通用凯迪拉克,上海通用凱迪拉克,441,shang hai tong yong kai di la ke
现代悦动,現代悅動,441,xian dai yue dong
菲亚特西耶那,菲亞特西耶那,441,fei ya te xi ye na
硬派越野车,硬派越野車,436,ying pai yue ye che
后轮随动转向技术,後輪隨動轉向技術,434,hou lun sui dong zhuan xiang ji shu
沙漠越野车,沙漠越野車,426,sha mo yue ye che
副仪表,副儀表,423,fu yi biao
广汽日野,廣汽日野,420,guang qi ri ye
压缩行程,壓縮行程,419,ya suo xing cheng
四窗,四窗,419,si chuang
异形钢管,異形鋼管,417,yi xing gang guan
后轮眉,後輪眉,416,hou lun mei
汽车芯片,汽車芯片,415,qi che xin pian
国际驾驶执照,國際駕駛執照,413,guo ji jia shi zhi zhao
水晶香水瓶,水晶香水瓶,413,shui jing xiang shui ping
旁蒂克,旁蒂克,412,pang di ke
菲亚特熊猫,菲亞特熊貓,411,fei ya te xiong mao
暖胎圈,暖胎圈,408,nuan tai quan
日内瓦国际汽车展,日內瓦國際汽車展,402,ri nei wa guo ji qi che zhan
马自达普力马,馬自達普力馬,400,ma zi da pu li ma
四缸机,四缸機,397,si gang ji
车载对讲机,車載對講機,397,che zai dui jiang ji
分电器盖,分電器蓋,396,fen dian qi gai
飞轮壳,飛輪殼,393,fei lun ke
两前轮,兩前輪,390,liang qian lun
派力奥周末风,派力奧週末風,387,pai li ao zhou mo feng
现代维拉克斯,現代維拉克斯,385,xian dai wei la ke si
前围板,前圍板,385,qian wei ban
沙漠之虎,沙漠之虎,384,sha mo zhi hu
拖拽臂,拖拽臂,384,tuo zhuai bi
电工胶带,電工膠帶,379,dian gong jiao dai
现代新胜达,現代新勝達,378,xian dai xin sheng da
扭矩扳手,扭矩扳手,377,niu ju ban shou
福特蒙迪欧致胜,福特蒙迪歐致勝,377,fu te meng di ou zhi sheng
钥匙开关,鑰匙開關,375,yao shi kai guan
赵公口长途汽车站,趙公口長途汽車站,373,zhao gong kou chang tu qi che zhan
福建戴姆勒,福建戴姆勒,372,fu jian dai mu lei
感载比例阀,感載比例閥,372,gan zai bi li fa
自卸翻斗车,自卸翻斗車,371,zi xie fan dou che
直拉杆,直拉桿,371,zhi la gan
前座中央扶手,前座中央扶手,370,qian zuo zhong yang fu shou
主动式安全头枕,主動式安全頭枕,368,zhu dong shi an quan tou zhen
位置灯,位置燈,367,wei zhi deng
澳门格兰披治大赛车,澳門格蘭披治大賽車,365,ao men ge lan pi zhi da sai che
昌河铃木利亚纳,昌河鈴木利亞納,364,chang he ling mu li ya na
油封漏油,油封漏油,361,you feng lou you
法雷奥集团,法雷奧集團,357,fa lei ao ji tuan
斯巴鲁中国拉力车队,斯巴魯中國拉力車隊,357,si ba lu zhong guo la li che dui
北极星发动机,北極星發動機,356,bei ji xing fa dong ji
吉普指挥官,吉普指揮官,356,ji pu zhi hui guan
一汽解放汽车有限公司,一汽解放汽車有限公司,354,yi qi jie fang qi che you xian gong si
前叶子板,前葉子板,353,qian ye zi ban
分火头,分火頭,353,fen huo tou
摇臂轴,搖臂軸,350,yao bi zhou
小批量产品,小批量產品,349,xiao pi liang chan pin
点火模块,點火模塊,345,dian huo mo kuai
漏防冻液,漏防凍液,345,lou fang dong ye
金旅客车,金旅客車,341,jin lv ke che
拖曳臂式悬架,拖曳臂式懸架,341,tuo ye bi shi xuan jia
短圆柱滚子轴承,短圓柱滾子軸承,339,duan yuan zhu gun zi zhou cheng
不回位,不回位,338,bu hui wei
右扶手,右扶手,338,you fu shou
防滑地板,防滑地板,336,fang hua di ban
汽车产业研究,汽車產業研究,336,qi che chan ye yan jiu
全承载车身,全承載車身,332,quan cheng zai che shen
后轮鼓,後輪鼓,332,hou lun gu
唯雅诺,唯雅諾,329,wei ya nuo
桃木饰件,桃木飾件,326,tao mu shi jian
通风阀,通風閥,325,tong feng fa
平治房车,平治房車,324,ping zhi fang che
都市彩虹,都市彩虹,324,du shi cai hong
东风汗马,東風汗馬,322,dong feng han ma
东风越野,東風越野,320,dong feng yue ye
沃克斯豪尔,沃克斯豪爾,319,wo ke si hao er
前轮眉,前輪眉,318,qian lun mei
齿轮齿条式转向,齒輪齒條式轉向,316,chi lun chi tiao shi zhuan xiang
邓禄普轮胎,鄧祿普輪胎,315,deng lu pu lun tai
刮臂,刮臂,313,gua bi
勒芒耐力赛,勒芒耐力賽,312,lei mang nai li sai
电子驻车制动系统,電子駐車制動系統,311,dian zi zhu che zhi dong xi tong
大灯开关,大燈開關,310,da deng kai guan
前门玻璃,前門玻璃,309,qian men bo li
脚瞪,腳瞪,309,jiao deng
离合器摩擦片,離合器摩擦片,305,li he qi mo ca pian
曲轴磨床,曲軸磨牀,303,qu zhou mo chuang
沙漠车,沙漠車,300,sha mo che
红色蔷薇,紅色薔薇,299,hong se qiang wei
全频喇叭,全頻喇叭,297,quan pin la ba
矿用自卸车,礦用自卸車,295,kuang yong zi xie che
茶杯架,茶杯架,295,cha bei jia
美鹿,美鹿,294,mei lu
国际窗膜协会,國際窗膜協會,292,guo ji chuang mo xie hui
前转向灯,前轉向燈,292,qian zhuan xiang deng
汽车牵引,汽車牽引,284,qi che qian yin
气囊灯,氣囊燈,284,qi nang deng
缓冲胶,緩衝膠,282,huan chong jiao
智慧贷款,智慧貸款,282,zhi hui dai kuan
事故维修,事故維修,281,shi gu wei xiu
圆柱销,圓柱銷,280,yuan zhu xiao
冷车起动,冷車起動,278,leng che qi dong
新乐风,新樂風,277,xin le feng
空调滤网,空調濾網,274,kong tiao lv wang
尾气分析仪,尾氣分析儀,272,wei qi fen xi yi
北京奔驰戴克,北京奔馳戴克,267,bei jing ben chi dai ke
更换电瓶,更換電瓶,262,geng huan dian ping
雨刮臂,雨刮臂,260,yu gua bi
翘板开关,翹板開關,257,qiao ban kai guan
进口斯柯达,進口斯柯達,256,jin kou si ke da
底盘隔音,底盤隔音,255,di pan ge yin
别克高尔夫挑战赛,別克高爾夫挑戰賽,255,bie ke gao er fu tiao zhan sai
钢管车,鋼管車,254,gang guan che
沃尔沃客车,沃爾沃客車,253,wo er wo ke che
动力转向泵,動力轉向泵,253,dong li zhuan xiang beng
从动盘总成,從動盤總成,253,cong dong pan zong cheng
上摆臂,上擺臂,251,shang bai bi
全面安全防护,全面安全防護,248,quan mian an quan fang hu
油箱开关,油箱開關,248,you xiang kai guan
刹车钳,剎車鉗,248,sha che qian
粉末冶金产品,粉末冶金產品,248,fen mo ye jin chan pin
发动机烧机油,發動機燒機油,248,fa dong ji shao ji you
蓄电池盖,蓄電池蓋,247,xu dian chi gai
右大灯,右大燈,246,you da deng
汽车四轮定位,汽車四輪定位,242,qi che si lun ding wei
长安沃尔沃,長安沃爾沃,242,chang an wo er wo
陡坡缓降控制,陡坡緩降控制,242,dou po huan jiang kong zhi
东风朝柴,東風朝柴,241,dong feng chao chai
交通强制险,交通強制險,240,jiao tong qiang zhi xian
轮缸,輪缸,240,lun gang
育空河,育空河,240,yu kong he
东风日产北京,東風日產北京,240,dong feng ri chan bei jing
泡沫清洗剂,泡沫清洗劑,240,pao mo qing xi ji
起亚欧菲莱斯,起亞歐菲萊斯,239,qi ya ou fei lai si
补炉,補爐,238,bu lu
前盖板,前蓋板,237,qian gai ban
美国汽车协会,美國汽車協會,236,mei guo qi che xie hui
液罐车,液罐車,236,ye guan che
右后部,右後部,236,you hou bu
雪佛兰乐驰,雪佛蘭樂馳,236,xue fu lan le chi
尾灯罩,尾燈罩,235,wei deng zhao
工具与设备,工具與設備,234,gong ju yu she bei
液化石油气汽车,液化石油氣汽車,233,ye hua shi you qi qi che
柯尼希塞尔,柯尼希塞爾,232,ke ni xi sai er
漆面保护膜,漆面保護膜,231,qi mian bao hu mo
加注口,加註口,231,jia zhu kou
汽车信用卡,汽車信用卡,230,qi che xin yong ka
永源飞碟,永源飛碟,228,yong yuan fei die
车门饰板,車門飾板,227,che men shi ban
前保险杠下部,前保險槓下部,227,qian bao xian gang xia bu
空间容积,空間容積,226,kong jian rong ji
中控方向盘,中控方向盤,226,zhong kong fang xiang pan
门泵,門泵,225,men beng
水泵叶轮,水泵葉輪,222,shui beng ye lun
后叶子板,後葉子板,222,hou ye zi ban
机械变速箱,機械變速箱,222,ji xie bian su xiang
右后车门,右後車門,222,you hou che men
勒芒赛道,勒芒賽道,222,lei mang sai dao
阻车钉,阻車釘,220,zu che ding
角齿,角齒,219,jiao chi
车门铰链,車門鉸鏈,219,che men jiao lian
电子阀,電子閥,219,dian zi fa
转速仪,轉速儀,218,zhuan su yi
最小转弯直径,最小轉彎直徑,218,zui xiao zhuan wan zhi jing
三角玻璃,三角玻璃,215,san jiao bo li
暖风管,暖風管,212,nuan feng guan
后牌照板,後牌照板,210,hou pai zhao ban
牵引钩,牽引鉤,208,qian yin gou
后牌照灯,後牌照燈,207,hou pai zhao deng
牵引汽车,牽引汽車,207,qian yin qi che
江铃福特,江鈴福特,206,jiang ling fu te
试过车,試過車,204,shi guo che
右反光镜,右反光鏡,201,you fan guang jing
实习司机,實習司機,201,shi xi si ji
十字槽,十字槽,200,shi zi cao
缺缸,缺缸,200,que gang
河北荣华,河北榮華,199,he bei rong hua
四川现代,四川現代,199,si chuan xian dai
内骨架,內骨架,199,nei gu jia
全铝车身框架结构,全鋁車身框架結構,198,quan lv che shen kuang jia jie gou
蜗牛喇叭,蝸牛喇叭,197,wo niu la ba
奥斯莫比,奧斯莫比,196,ao si mo bi
风景爱尔法,風景愛爾法,195,feng jing ai er fa
永诚保险,永誠保險,195,yong cheng bao xian
飞轮齿圈,飛輪齒圈,194,fei lun chi quan
感应塞,感應塞,193,gan ying sai
膜片弹簧离合器,膜片彈簧離合器,193,mo pian tan huang li he qi
制动灯开关,制動燈開關,193,zhi dong deng kai guan
风景冲浪,風景衝浪,192,feng jing chong lang
冷媒管,冷媒管,192,leng mei guan
大尾翼,大尾翼,192,da wei yi
前风窗玻璃,前風窗玻璃,190,qian feng chuang bo li
下坡辅助系统,下坡輔助系統,189,xia po fu zhu xi tong
右后叶,右後葉,188,you hou ye
气囊电脑,氣囊電腦,187,qi nang dian nao
下横臂,下橫臂,187,xia heng bi
少林客车,少林客車,184,shao lin ke che
汽车网络营销,汽車網絡營銷,184,qi che wang luo ying xiao
汽车风洞,汽車風洞,184,qi che feng dong
汽车保姆,汽車保姆,184,qi che bao mu
防抱制动系统,防抱制動系統,183,fang bao zhi dong xi tong
尺寸不合格,尺寸不合格,183,chi cun bu he ge
一二档,一二檔,182,yi er dang
叶轮泵,葉輪泵,181,ye lun beng
汽车行业动态,汽車行業動態,181,qi che hang ye dong tai
右前叶,右前葉,181,you qian ye
摩托车维修工,摩托車維修工,181,mo tuo che wei xiu gong
轮边减速器,輪邊減速器,178,lun bian jian su qi
全车膜,全車膜,177,quan che mo
惯性漂移,慣性漂移,175,guan xing piao yi
下门槛,下門檻,175,xia men kan
多气门发动机,多氣門發動機,174,duo qi men fa dong ji
大灯灯泡,大燈燈泡,173,da deng deng pao
大骨棒,大骨棒,173,da gu bang
都市骏马,都市駿馬,172,du shi jun ma
奥迪勒芒,奧迪勒芒,172,ao di lei mang
驻车灯,駐車燈,172,zhu che deng
半自动变速器,半自動變速器,172,ban zi dong bian su qi
丰田普瑞维亚,豐田普瑞維亞,171,feng tian pu rui wei ya
负值轮毂,負值輪轂,171,fu zhi lun gu
中国三菱拉力艺车队,中國三菱拉力藝車隊,169,zhong guo san ling la li yi che dui
保养券,保養券,169,bao yang quan
斯巴鲁傲虎,斯巴魯傲虎,169,si ba lu ao hu
美的客车,美的客車,168,mei de ke che
档位杆,檔位杆,165,dang wei gan
汽车用柴油,汽車用柴油,164,qi che yong chai you
脚胶,腳膠,160,jiao jiao
自动感应大灯,自動感應大燈,158,zi dong gan ying da deng
南京菲亚特西耶那,南京菲亞特西耶那,157,nan jing fei ya te xi ye na
维多利亚皇冠,維多利亞皇冠,156,wei duo li ya huang guan
长安汽车工程研究院,長安汽車工程研究院,156,chang an qi che gong cheng yan jiu yuan
排气制动,排氣制動,155,pai qi zhi dong
汽车台,汽車臺,153,qi che tai
封闭货车,封閉貨車,148,feng bi huo che
后钢板弹簧,後鋼板彈簧,146,hou gang ban tan huang
分缸线,分缸線,146,fen gang xian
地板压条,地板壓條,144,di ban ya tiao
前部受损,前部受損,144,qian bu shou sun
前半轴,前半軸,142,qian ban zhou
凯雷德混合动力,凱雷德混合動力,141,kai lei de hun he dong li
小旅行车,小旅行車,141,xiao lv xing che
斜拉杆,斜拉桿,138,xie la gan
二手车寄卖,二手車寄賣,137,er shou che ji mai
中间板,中間板,136,zhong jian ban
大小瓦,大小瓦,135,da xiao wa
广角后视镜,廣角後視鏡,134,guang jiao hou shi jing
离合分泵,離合分泵,133,li he fen beng
转向灯开关,轉向燈開關,131,zhuan xiang deng kai guan
车门隔音,車門隔音,131,che men ge yin
右侧围,右側圍,131,you ce wei
电子感应制动系统,電子感應制動系統,131,dian zi gan ying zhi dong xi tong
车险计算,車險計算,130,che xian ji suan
铃木集团,鈴木集團,128,ling mu ji tuan
车内阅读灯,車內閱讀燈,127,che nei yue du deng
保时捷新卡宴,保時捷新卡宴,127,bao shi jie xin ka yan
气囊控制单元,氣囊控制單元,126,qi nang kong zhi dan yuan
叉车用,叉車用,126,cha che yong
鹰潭火车站,鷹潭火車站,125,ying tan huo che zhan
止推垫,止推墊,124,zhi tui dian
曙光挑战者,曙光挑戰者,124,shu guang tiao zhan zhe
暖风开关,暖風開關,123,nuan feng kai guan
四轮换位,四輪換位,123,si lun huan wei
阿尔宾娜,阿爾賓娜,122,a er bin na
暖风电机,暖風電機,122,nuan feng dian ji
保险阀,保險閥,122,bao xian fa
补强板,補強板,122,bu qiang ban
前大灯总成,前大燈總成,121,qian da deng zong cheng
丰田兰德酷路泽,豐田蘭德酷路澤,121,feng tian lan de ku lu ze
三四档,三四檔,121,san si dang
右半轴,右半軸,119,you ban zhou
川崎车队,川崎車隊,119,chuan qi che dui
油品类,油品類,117,you pin lei
万宇汽车运动俱乐部,萬宇汽車運動俱樂部,117,wan yu qi che yun dong ju le bu
罩垫,罩墊,117,zhao dian
侧围板,側圍板,116,ce wei ban
中国汽车工业信息网,中國汽車工業信息網,114,zhong guo qi che gong ye xin xi wang
十字节,十字節,114,shi zi jie
四轮动平衡,四輪動平衡,113,si lun dong ping heng
汽车遥控钥匙,汽車遙控鑰匙,113,qi che yao kong yao shi
前钢板,前鋼板,113,qian gang ban
自动空调控制系统,自動空調控制系統,113,zi dong kong tiao kong zhi xi tong
电动升降器,電動升降器,113,dian dong sheng jiang qi
触媒转换器,觸媒轉換器,111,chu mei zhuan huan qi
隔音产品,隔音產品,111,ge yin chan pin
冷补胶,冷補膠,111,leng bu jiao
仪表指示灯,儀表指示燈,111,yi biao zhi shi deng
嘉实多磁护,嘉實多磁護,110,jia shi duo ci hu
路宝节油,路寶節油,110,lu bao jie you
菲德拉,菲德拉,109,fei de la
气囊传感器,氣囊傳感器,109,qi nang chuan gan qi
冈谷钢机,岡谷鋼機,108,gang gu gang ji
曲轴前,曲軸前,107,qu zhou qian
掀背式尾门,掀背式尾門,107,xian bei shi wei men
越野客车,越野客車,106,yue ye ke che
水陆两栖汽车,水陸兩棲汽車,106,shui lu liang qi qi che
科鲁兹,科魯茲,106,ke lu zi
陆风新饰界,陸風新飾界,106,lu feng xin shi jie
防护薄膜,防護薄膜,105,fang hu bao mo
弹性挡圈,彈性擋圈,104,tan xing dang quan
吉利中国龙,吉利中國龍,104,ji li zhong guo long
慕尚,慕尚,104,mu shang
氢动力燃料电池车,氫動力燃料電池車,103,qing dong li ran liao dian chi che
残留应力,殘留應力,100,can liu ying li
瑞典沃尔沃汽车公司,瑞典沃爾沃汽車公司,100,rui dian wo er wo qi che gong si
浙江汽车工程学院,浙江汽車工程學院,100,zhe jiang qi che gong cheng xue yuan
干燥瓶,乾燥瓶,99,gan zao ping
后刹车分泵,後剎車分泵,99,hou sha che fen beng
纸漏斗,紙漏斗,99,zhi lou dou
自补液,自補液,98,zi bu ye
湾岸午夜俱乐部,灣岸午夜俱樂部,98,wan an wu ye ju le bu
手控阀,手控閥,97,shou kong fa
机爪,機爪,97,ji zhao
水泵出水管,水泵出水管,95,shui beng chu shui guan
锐骐多功能商用车,銳騏多功能商用車,95,rui qi duo gong neng shang yong che
直接档,直接檔,95,zhi jie dang
调漆设备,調漆設備,95,diao qi she bei
半圆键,半圓鍵,94,ban yuan jian
克莱斯勒交叉火力,克萊斯勒交叉火力,93,ke lai si lei jiao cha huo li
汽车品牌营销,汽車品牌營銷,92,qi che pin pai ying xiao
火炮牵引车,火炮牽引車,91,huo pao qian yin che
挂不上档,掛不上檔,91,gua bu shang dang
硬连接牵引,硬連接牽引,90,ying lian jie qian yin
古德伍德赛车节,古德伍德賽車節,89,gu de wu de sai che jie
左右大灯,左右大燈,89,zuo you da deng
郑州威佳专营店,鄭州威佳專營店,88,zheng zhou wei jia zhuan ying dian
红喜力,紅喜力,88,hong xi li
胎侧胶,胎側膠,88,tai ce jiao
负极接地,負極接地,88,fu ji jie di
浇注速度,澆注速度,87,jiao zhu su du
软连接牵引,軟連接牽引,87,ruan lian jie qian yin
置换补贴,置換補貼,87,zhi huan bu tie
真空电磁阀,真空電磁閥,87,zhen kong dian ci fa
小贸手续,小貿手續,85,xiao mao shou xu
新能源客车,新能源客車,85,xin neng yuan ke che
内温度传感器,內溫度傳感器,85,nei wen du chuan gan qi
中后桥,中後橋,83,zhong hou qiao
多宁顿公园赛道,多寧頓公園賽道,83,duo ning dun gong yuan sai dao
欧宝欧捷利,歐寶歐捷利,83,ou bao ou jie li
斯科达明锐,斯科達明銳,82,si ke da ming rui
车体保养,車體保養,82,che ti bao yang
颜光明,顏光明,82,yan guang ming
烟灰缸盖,菸灰缸蓋,81,yan hui gang gai
皮带涨紧,皮帶漲緊,81,pi dai zhang jin
秦川福莱尔,秦川福萊爾,81,qin chuan fu lai er
汽车的变速器,汽車的變速器,80,qi che de bian su qi
中国汽车工业产销快讯,中國汽車工業產銷快訊,80,zhong guo qi che gong ye chan xiao kuai xun
口奇骏,口奇駿,78,kou qi jun
防空灯,防空燈,78,fang kong deng
现代雅科仕,現代雅科仕,77,xian dai ya ke shi
浙江汽车职业技术学院,浙江汽車職業技術學院,77,zhe jiang qi che zhi ye ji shu xue yuan
纽伯林赛道,紐伯林賽道,76,niu bo lin sai dao
高精度直喷系统,高精度直噴系統,75,gao jing du zhi pen xi tong
第四缸,第四缸,74,di si gang
铃木维特拉,鈴木維特拉,74,ling mu wei te la
非独立悬挂系统,非獨立懸掛系統,74,fei du li xuan gua xi tong
一档齿轮,一檔齒輪,73,yi dang chi lun
立式珩磨机,立式珩磨機,73,li shi hang mo ji
间歇雨刮,間歇雨刮,73,jian xie yu gua
玻璃托架,玻璃托架,73,bo li tuo jia
吉林汽车制动器厂,吉林汽車制動器廠,73,ji lin qi che zhi dong qi chang
国际汽车制造商协会,國際汽車製造商協會,73,guo ji qi che zhi zao shang xie hui
奥斯莫比尔,奧斯莫比爾,72,ao si mo bi er
别克新君威,別克新君威,72,bie ke xin jun wei
汽车车载导航,汽車車載導航,72,qi che che zai dao hang
真空吊具,真空吊具,72,zhen kong diao ju
电压变换器,電壓變換器,71,dian ya bian huan qi
前小灯,前小燈,71,qian xiao deng
圈状弹簧,圈狀彈簧,71,quan zhuang tan huang
卤素头灯,鹵素頭燈,70,lu su tou deng
鹿导,鹿導,70,lu dao
新锋锐,新鋒銳,69,xin feng rui
山东省汽车行业协会,山東省汽車行業協會,69,shan dong sheng qi che hang ye xie hui
牡丹客车,牡丹客車,68,mu dan ke che
盆角齿,盆角齒,68,pen jiao chi
格兰披治大奖赛,格蘭披治大獎賽,67,ge lan pi zhi da jiang sai
真空吸污车,真空吸污車,67,zhen kong xi wu che
暖风芯子,暖風芯子,67,nuan feng xin zi
小贸车,小貿車,66,xiao mao che
吉姆希,吉姆希,66,ji mu xi
机油温度表,機油溫度表,66,ji you wen du biao
靠电子传感器探,靠電子傳感器探,66,kao dian zi chuan gan qi tan
长城精灵汽车,長城精靈汽車,66,chang cheng jing ling qi che
威利斯吉普车,威利斯吉普車,65,wei li si ji pu che
速度感应式转向系统,速度感應式轉向系統,65,su du gan ying shi zhuan xiang xi tong
纳智捷,納智捷,64,na zhi jie
气门室垫,氣門室墊,64,qi men shi dian
右侧杂物盒,右側雜物盒,63,you ce za wu he
伏尔加车,伏爾加車,63,fu er jia che
经典全顺,經典全順,62,jing dian quan shun
普纳德,普納德,61,pu na de
制动检验台,制動檢驗臺,61,zhi dong jian yan tai
汽车喷漆工艺,汽車噴漆工藝,61,qi che pen qi gong yi
世界窗膜协会,世界窗膜協會,61,shi jie chuang mo xie hui
油田专用车,油田專用車,61,you tian zhuan yong che
小型冷藏车,小型冷藏車,60,xiao xing leng cang che
汽车整形技术,汽車整形技術,60,qi che zheng xing ji shu
后分泵,後分泵,60,hou fen beng
福克斯小改款,福克斯小改款,60,fu ke si xiao gai kuan
宏基汽车客运站,宏基汽車客運站,60,hong ji qi che ke yun zhan
主从动,主從動,59,zhu cong dong
弹性胶质材料,彈性膠質材料,59,tan xing jiao zhi cai liao
油路漏油,油路漏油,59,you lu lou you
验车费用,驗車費用,58,yan che fei yong
中国电动车协会,中國電動車協會,57,zhong guo dian dong che xie hui
室盖垫,室蓋墊,57,shi gai dian
英特格,英特格,57,ying te ge
布加迪威航,布加迪威航,56,bu jia di wei hang
铰接客车,鉸接客車,56,jiao jie ke che
无敌改装网,無敵改裝網,56,wu di gai zhuang wang
团购看车,團購看車,56,tuan gou kan che
气门室盖垫,氣門室蓋墊,56,qi men shi gai dian
倒车灯开关,倒車燈開關,56,dao che deng kai guan
涨闸,漲閘,56,zhang zha
水温指示灯,水溫指示燈,56,shui wen zhi shi deng
储液瓶,儲液瓶,55,chu ye ping
齿轮室盖,齒輪室蓋,55,chi lun shi gai
欧洲新车安全评鉴协会,歐洲新車安全評鑑協會,55,ou zhou xin che an quan ping jian xie hui
驾驶员警示控制,駕駛員警示控制,55,jia shi yuan jing shi kong zhi
右前翼子板,右前翼子板,55,you qian yi zi ban
门灯开关,門燈開關,55,men deng kai guan
铃鹿赛车场,鈴鹿賽車場,55,ling lu sai che chang
地板皮,地板皮,54,di ban pi
中国汽车工业年鉴,中國汽車工業年鑑,54,zhong guo qi che gong ye nian jian
东风奥丁,東風奧丁,54,dong feng ao ding
水温感应塞,水溫感應塞,54,shui wen gan ying sai
行星齿轮变速器,行星齒輪變速器,54,xing xing chi lun bian su qi
菲亚特多宝,菲亞特多寶,53,fei ya te duo bao
水温灯,水溫燈,53,shui wen deng
手自一体汽车,手自一體汽車,52,shou zi yi ti qi che
卡特汉姆,卡特漢姆,52,ka te han mu
右前门玻璃,右前門玻璃,52,you qian men bo li
东风景逸,東風景逸,52,dong feng jing yi
机油乳化,機油乳化,52,ji you ru hua
分电盘盖,分電盤蓋,52,fen dian pan gai
轮眉后,輪眉後,51,lun mei hou
悬挂衬套,懸掛襯套,51,xuan gua chen tao
视维视频会议系统,視維視頻會議系統,51,shi wei shi pin hui yi xi tong
拼装台,拼裝臺,51,pin zhuang tai
道奇拓远者,道奇拓遠者,51,dao qi tuo yuan zhe
电瓶盖,電瓶蓋,50,dian ping gai
欧迪玛,歐迪瑪,50,ou di ma
东风牌小轿车,東風牌小轎車,50,dong feng pai xiao jiao che
摇臂总成,搖臂總成,50,yao bi zong cheng
注油管,注油管,49,zhu you guan
巴林国际赛道,巴林國際賽道,49,ba lin guo ji sai dao
汽车工程手册,汽車工程手冊,49,qi che gong cheng shou ce
手动变速箱油,手動變速箱油,49,shou dong bian su xiang you
螺母垫片,螺母墊片,48,luo mu dian pian
优科豪马轮胎,優科豪馬輪胎,48,you ke hao ma lun tai
北汽角斗士,北汽角鬥士,48,bei qi jue dou shi
保险杠格栅,保險槓格柵,48,bao xian gang ge zha
全车垫,全車墊,48,quan che dian
下边梁,下邊梁,48,xia bian liang
接车单,接車單,48,jie che dan
汽车化工用品,汽車化工用品,48,qi che hua gong yong pin
德国音响,德國音響,48,de guo yin xiang
液氮加速,液氮加速,47,ye dan jia su
防追尾系统,防追尾系統,47,fang zhui wei xi tong
保温冒口,保溫冒口,47,bao wen mao kou
钢板套,鋼板套,47,gang ban tao
制动调整臂,制動調整臂,47,zhi dong tiao zheng bi
体检回执,體檢回執,46,ti jian hui zhi
汽车加气站操作工,汽車加氣站操作工,46,qi che jia qi zhan cao zuo gong
淘淘二手车,淘淘二手車,46,tao tao er shou che
止推垫片,止推墊片,46,zhi tui dian pian
座椅及附件,座椅及附件,46,zuo yi ji fu jian
汽车电器设备与维修,汽車電器設備與維修,46,qi che dian qi she bei yu wei xiu
保险杠支架,保險槓支架,45,bao xian gang zhi jia
机脚胶,機腳膠,45,ji jiao jiao
防盗控制单元,防盜控制單元,45,fang dao kong zhi dan yuan
前钢板弹簧,前鋼板彈簧,45,qian gang ban tan huang
扣残,扣殘,45,kou can
右前叶子板,右前葉子板,45,you qian ye zi ban
引擎盖隔音,引擎蓋隔音,44,yin qing gai ge yin
汽车主动安全性,汽車主動安全性,44,qi che zhu dong an quan xing
离去角度,離去角度,44,li qu jiao du
奥杰汽车网,奧傑汽車網,44,ao jie qi che wang
右保险杠,右保險槓,44,you bao xian gang
车贴文化,車貼文化,43,che tie wen hua
德国曼集团,德國曼集團,43,de guo man ji tuan
保险夹,保險夾,43,bao xian jia
浙江永源汽车有限公司,浙江永源汽車有限公司,43,zhe jiang yong yuan qi che you xian gong si
出炉口,出爐口,43,chu lu kou
节气门控制单元,節氣門控制單元,42,jie qi men kong zhi dan yuan
最大爬坡角,最大爬坡角,42,zui da pa po jiao
发动机缺缸,發動機缺缸,42,fa dong ji que gang
京城海狮,京城海獅,42,jing cheng hai shi
转弯指示灯,轉彎指示燈,42,zhuan wan zhi shi deng
活性炭罐电磁阀,活性炭罐電磁閥,42,huo xing tan guan dian ci fa
六角法兰面,六角法蘭面,42,liu jiao fa lan mian
直喷式燃烧室,直噴式燃燒室,41,zhi pen shi ran shao shi
制动底板,制動底板,41,zhi dong di ban
脉冲传感器,脈衝傳感器,40,mai chong chuan gan qi
机爪垫,機爪墊,40,ji zhao dian
挡风玻璃雨刮器,擋風玻璃雨刮器,40,dang feng bo li yu gua qi
四轮保养,四輪保養,40,si lun bao yang
苏州二手车网,蘇州二手車網,40,su zhou er shou che wang
立式精镗床,立式精鏜牀,40,li shi jing tang chuang
济南液压泵,濟南液壓泵,40,ji nan ye ya beng
圣马力诺伊莫拉赛道,聖馬力諾伊莫拉賽道,40,sheng ma li nuo yi mo la sai dao
侧滑试验台,側滑試驗檯,39,ce hua shi yan tai
仪表灯泡,儀表燈泡,39,yi biao deng pao
氢动四号,氫動四號,39,qing dong si hao
自动补胎液,自動補胎液,39,zi dong bu tai ye
车轮饰盖,車輪飾蓋,38,che lun shi gai
马自达劲翔,馬自達勁翔,38,ma zi da jin xiang
全车锁芯,全車鎖芯,38,quan che suo xin
换挡电磁阀,換擋電磁閥,38,huan dang dian ci fa
李斯特公司,李斯特公司,38,li si te gong si
气门盖,氣門蓋,38,qi men gai
右后尾灯,右後尾燈,38,you hou wei deng
电池盒手柄,電池盒手柄,37,dian chi he shou bing
门胶条,門膠條,37,men jiao tiao
雨刮精,雨刮精,37,yu gua jing
中客华北,中客華北,37,zhong ke hua bei
空调压缩机皮带,空調壓縮機皮帶,37,kong tiao ya suo ji pi dai
转向横拉杆球头,轉向橫拉桿球頭,37,zhuan xiang heng la gan qiu tou
出炉温度,出爐溫度,36,chu lu wen du
神农驾,神農駕,36,shen nong jia
侦探犬,偵探犬,36,zhen tan quan
发动机专用机油,發動機專用機油,35,fa dong ji zhuan yong ji you
天河汽车站,天河汽車站,35,tian he qi che zhan
下导流板,下導流板,35,xia dao liu ban
发动机托架,發動機托架,34,fa dong ji tuo jia
右脚踏板,右腳踏板,34,you jiao ta ban
澳门大赛车博物馆,澳門大賽車博物館,34,ao men da sai che bo wu guan
彼得比尔特公司,彼得比爾特公司,34,bi de bi er te gong si
中诚海华,中誠海華,34,zhong cheng hai hua
机动车移动证,機動車移動證,34,ji dong che yi dong zheng
机油感应塞,機油感應塞,34,ji you gan ying sai
车载影碟机,車載影碟機,34,che zai ying die ji
新车谍报,新車諜報,34,xin che die bao
空调高压管,空調高壓管,33,kong tiao gao ya guan
北京奔驰铂锐,北京奔馳鉑銳,33,bei jing ben chi bo rui
气门室罩盖,氣門室罩蓋,33,qi men shi zhao gai
全国汽车运动管理规定,全國汽車運動管理規定,33,quan guo qi che yun dong guan li gui ding
螺丝铆钉,螺絲鉚釘,32,luo si mao ding
黄油加注机,黃油加註機,32,huang you jia zhu ji
左后轮眉,左後輪眉,32,zuo hou lun mei
电动摇机,電動搖機,32,dian dong yao ji
后台板,後臺板,31,hou tai ban
新加坡赛道,新加坡賽道,31,xin jia po sai dao
前保险杠下护板,前保險槓下護板,31,qian bao xian gang xia hu ban
转向直拉杆,轉向直拉桿,31,zhuan xiang zhi la gan
孔用弹性挡圈,孔用彈性擋圈,31,kong yong tan xing dang quan
水泵进水管,水泵進水管,31,shui beng jin shui guan
依维柯宝迪,依維柯寶迪,30,yi wei ke bao di
冲焊桥,衝焊橋,30,chong han qiao
右后门玻璃,右後門玻璃,30,you hou men bo li
汽车盘式制动器,汽車盤式制動器,30,qi che pan shi zhi dong qi
齐鲁客车,齊魯客車,30,qi lu ke che
挂档机构,掛檔機構,29,gua dang ji gou
皇冠锐志,皇冠銳志,29,huang guan rui zhi
随动闸,隨動閘,29,sui dong zha
助力转向调节,助力轉向調節,29,zhu li zhuan xiang tiao jie
阶背式轿车,階背式轎車,29,jie bei shi jiao che
日产公爵王,日產公爵王,29,ri chan gong jue wang
远光指示灯,遠光指示燈,28,yuan guang zhi shi deng
长丰猎豹黑金刚,長豐獵豹黑金剛,28,zhang feng lie bao hei jin gang
左后门玻璃,左後門玻璃,28,zuo hou men bo li
后饰板,後飾板,28,hou shi ban
弓子板,弓子板,28,gong zi ban
残留强度,殘留強度,28,can liu qiang du
前烟灰缸,前菸灰缸,27,qian yan hui gang
半轴突缘,半軸突緣,27,ban zhou tu yuan
金刚二代,金剛二代,27,jin gang er dai
车身主动控制系统,車身主動控制系統,27,che shen zhu dong kong zhi xi tong
有倒车镜,有倒車鏡,27,you dao che jing
加强底板,加強底板,27,jia qiang di ban
新福达汽车,新福達汽車,27,xin fu da qi che
仪表台总成,儀表臺總成,27,yi biao tai zong cheng
洗涤泵,洗滌泵,26,xi di beng
一汽客车有限公司,一汽客車有限公司,26,yi qi ke che you xian gong si
新一代普力马,新一代普力馬,26,xin yi dai pu li ma
非全尺寸备胎,非全尺寸備胎,25,fei quan chi cun bei tai
粘性联轴节,粘性聯軸節,25,zhan xing lian zhou jie
车内温度传感器,車內溫度傳感器,25,che nei wen du chuan gan qi
四行程引擎,四行程引擎,25,si xing cheng yin qing
活塞肖,活塞肖,25,huo sai xiao
气门摇臂轴,氣門搖臂軸,25,qi men yao bi zhou
车轮动平衡机,車輪動平衡機,25,che lun dong ping heng ji
车身校正设备,車身校正設備,25,che shen jiao zheng she bei
德米欧,德米歐,25,de mi ou
公铁两用车,公鐵兩用車,25,gong tie liang yong che
卡通摩托,卡通摩托,25,ka tong mo tuo
变速箱一轴,變速箱一軸,25,bian su xiang yi zhou
迪族车网,迪族車網,25,di zu che wang
日产平台,日產平臺,24,ri chan ping tai
奥克兰汽车公司,奧克蘭汽車公司,24,ao ke lan qi che gong si
汽车传感器的检测,汽車傳感器的檢測,24,qi che chuan gan qi de jian ce
进口大切诺基,進口大切諾基,24,jin kou da qie nuo ji
熄火器,熄火器,24,xi huo qi
自动制动差速器,自動制動差速器,24,zi dong zhi dong cha su qi
前信号灯,前信號燈,24,qian xin hao deng
电子差速制动,電子差速制動,24,dian zi cha su zhi dong
手工样品,手工樣品,24,shou gong yang pin
汽车模拟驾驶系统,汽車模擬駕駛系統,23,qi che mo ni jia shi xi tong
电磁减震器,電磁減震器,23,dian ci jian zhen qi
暖风机总成,暖風機總成,23,nuan feng ji zong cheng
换气门导管,換氣門導管,23,huan qi men dao guan
保险盒盖,保險盒蓋,23,bao xian he gai
吉普爱国者,吉普愛國者,22,ji pu ai guo zhe
东风日产奇骏,東風日產奇駿,22,dong feng ri chan qi jun
福田风景冲浪,福田風景衝浪,22,fu tian feng jing chong lang
回油滤芯,回油濾芯,22,hui you lv xin
前门框,前門框,22,qian men kuang
曲轴止推片,曲軸止推片,22,qu zhou zhi tui pian
自动操纵式变速器,自動操縱式變速器,21,zi dong cao zong shi bian su qi
钢管弯头,鋼管彎頭,21,gang guan wan tou
热控制阀,熱控制閥,21,re kong zhi fa
有效热效率,有效熱效率,21,you xiao re xiao lv
燃油蒸发排放控制,燃油蒸發排放控制,21,ran you zheng fa pai fang kong zhi
油底壳垫,油底殼墊,21,you di ke dian
印地车赛,印地車賽,21,yin di che sai
右后叶子板,右後葉子板,20,you hou ye zi ban
乙酸丁酸纤维素,乙酸丁酸纖維素,20,yi suan ding suan xian wei su
前分泵,前分泵,20,qian fen beng
防拖车系统,防拖車系統,20,fang tuo che xi tong
抹尘布,抹塵布,20,mo chen bu
门防撞条,門防撞條,20,men fang zhuang tiao
茂木赛道,茂木賽道,20,mao mu sai dao
门边饰条,門邊飾條,20,men bian shi tiao
制动踏板总成,制動踏板總成,20,zhi dong ta ban zong cheng
连杆轴承盖,連桿軸承蓋,20,lian gan zhou cheng gai
防火墙隔音,防火牆隔音,20,fang huo qiang ge yin
主动分频,主動分頻,20,zhu dong fen pin
汽车品牌与商标,汽車品牌與商標,20,qi che pin pai yu shang biao
汽车服务俱乐部,汽車服務俱樂部,20,qi che fu wu ju le bu
喇叭按钮开关,喇叭按鈕開關,20,la ba an niu kai guan
风档刮水器,風檔刮水器,20,feng dang gua shui qi
熄火电磁阀,熄火電磁閥,20,xi huo dian ci fa
右护板,右護板,19,you hu ban
一汽吉林森雅,一汽吉林森雅,19,yi qi ji lin sen ya
全车盗抢损失险,全車盜搶損失險,19,quan che dao qiang sun shi xian
进气压力温度传感器,進氣壓力溫度傳感器,19,jin qi ya li wen du chuan gan qi
汽车实用查询,汽車實用查詢,19,qi che shi yong cha xun
得中国者得天下,得中國者得天下,19,de zhong guo zhe de tian xia
安全凸面镜,安全凸面鏡,19,an quan tu mian jing
后桥短轴,後橋短軸,19,hou qiao duan zhou
副驾驶位气囊,副駕駛位氣囊,19,fu jia shi wei qi nang
超重型汽车列车,超重型汽車列車,19,chao zhong xing qi che lie che
粘性偶合器,粘性偶合器,19,zhan xing ou he qi
中国汽摩频道,中國汽摩頻道,19,zhong guo qi mo pin dao
打磨抛光设备,打磨拋光設備,18,da mo pao guang she bei
左侧窗玻璃,左側窗玻璃,18,zuo ce chuang bo li
诊断插头,診斷插頭,18,zhen duan cha tou
横摆力偶矩,橫擺力偶矩,18,heng bai li ou ju
行星齿轮装置,行星齒輪裝置,18,xing xing chi lun zhuang zhi
前轮鼓,前輪鼓,18,qian lun gu
自动车位锁,自動車位鎖,18,zi dong che wei suo
翻转轴,翻轉軸,18,fan zhuan zhou
六角法兰面螺栓,六角法蘭面螺栓,17,liu jiao fa lan mian luo shuan
新能源电动汽车,新能源電動汽車,17,xin neng yuan dian dong qi che
气缸盖垫片,氣缸蓋墊片,17,qi gang gai dian pian
车速表检验台,車速表檢驗臺,17,che su biao jian yan tai
轴承衬套,軸承襯套,17,zhou cheng chen tao
气门弹簧座,氣門彈簧座,17,qi men tan huang zuo
油耗传感器,油耗傳感器,16,you hao chuan gan qi
消声器尾,消聲器尾,16,xiao sheng qi wei
玛瑙灰,瑪瑙灰,16,ma nao hui
差速器行星齿轮,差速器行星齒輪,16,cha su qi xing xing chi lun
排气制动阀,排氣制動閥,16,pai qi zhi dong fa
汽车饰品套,汽車飾品套,16,qi che shi pin tao
汽车增值税,汽車增值稅,16,qi che zeng zhi shui
左后叶,左後葉,15,zuo hou ye
信号喇叭,信號喇叭,15,xin hao la ba
挡位指示器,擋位指示器,15,dang wei zhi shi qi
远光灯泡,遠光燈泡,15,yuan guang deng pao
车管学院,車管學院,15,che guan xue yuan
挂车阀,掛車閥,15,gua che fa
机械增压与涡轮增压,機械增壓與渦輪增壓,15,ji xie zeng ya yu wo lun zeng ya
右边条,右邊條,15,you bian tiao
气囊电脑板,氣囊電腦板,15,qi nang dian nao ban
比亚迪秦,比亞迪秦,15,bi ya di qin
乐车网,樂車網,15,le che wang
帕诺兹,帕諾茲,15,pa nuo zi
挂档杆,掛檔杆,15,gua dang gan
前刹车分泵,前剎車分泵,15,qian sha che fen beng
延边二手车网,延邊二手車網,15,yan bian er shou che wang
进气接管,進氣接管,15,jin qi jie guan
六角厚螺母,六角厚螺母,15,liu jiao hou luo mu
左后翼子板,左後翼子板,15,zuo hou yi zi ban
电瓶连接线,電瓶連接線,15,dian ping lian jie xian
大灯保险杠,大燈保險槓,14,da deng bao xian gang
应急灯开关,應急燈開關,14,ying ji deng kai guan
奥布维,奧布維,14,ao bu wei
螺纹板,螺紋板,14,luo wen ban
点火线圈总成,點火線圈總成,14,dian huo xian quan zong cheng
左后叶子板,左後葉子板,14,zuo hou ye zi ban
帕杰罗召回事件,帕傑羅召回事件,14,pa jie luo zhao hui shi jian
六角锁紧螺母,六角鎖緊螺母,14,liu jiao suo jin luo mu
驾驶疲劳预警系统,駕駛疲勞預警系統,14,jia shi pi lao yu jing xi tong
张家港汽车网,張家港汽車網,14,zhang jia gang qi che wang
后制动摩擦片,後製動摩擦片,14,hou zhi dong mo ca pian
右前转向灯,右前轉向燈,14,you qian zhuan xiang deng
轮罩护板,輪罩護板,14,lun zhao hu ban
中间传动轴,中間傳動軸,14,zhong jian chuan dong zhou
样版车,樣版車,14,yang ban che
中国国际汽车展览会,中國國際汽車展覽會,14,zhong guo guo ji qi che zhan lan hui
一级方程序赛车,一級方程序賽車,14,yi ji fang cheng xu sai che
气路控制阀,氣路控制閥,13,qi lu kong zhi fa
右前轮眉,右前輪眉,13,you qian lun mei
爱墨绿,愛墨綠,13,ai mo lv
公路客运售票,公路客運售票,13,gong lu ke yun shou piao
机盖撑杆,機蓋撐杆,13,ji gai cheng gan
正时皮带涨紧轮,正時皮帶漲緊輪,13,zheng shi pi dai zhang jin lun
右后翼子板,右後翼子板,13,you hou yi zi ban
四档齿,四檔齒,13,si dang chi
前牌照架,前牌照架,13,qian pai zhao jia
诊断报警系统,診斷報警系統,13,zhen duan bao jing xi tong
前制动钳,前制動鉗,13,qian zhi dong qian
依卡露斯,依卡露斯,13,yi ka lu si
雅阁旅行版概念车,雅閣旅行版概念車,13,ya ge lv xing ban gai nian che
止动板,止動板,13,zhi dong ban
丙酸纤维素,丙酸纖維素,13,bing suan xian wei su
方向盘盖,方向盤蓋,13,fang xiang pan gai
一汽华利幸福使者,一汽華利幸福使者,13,yi qi hua li xing fu shi zhe
机油加注口盖,機油加註口蓋,13,ji you jia zhu kou gai
复合衬套,複合襯套,12,fu he chen tao
白心可锻铸铁,白心可鍛鑄鐵,12,bai xin ke duan zhu tie
左前门内饰板,左前門內飾板,12,zuo qian men nei shi ban
大灯框,大燈框,12,da deng kuang
稀薄燃烧发动机,稀薄燃燒發動機,12,xi bo ran shao fa dong ji
转向齿轮泵,轉向齒輪泵,11,zhuan xiang chi lun beng
空调涨紧轮,空調漲緊輪,11,kong tiao zhang jin lun
左右壳,左右殼,11,zuo you ke
福田迷迪,福田迷迪,11,fu tian mi di
暖风胶管,暖風膠管,11,nuan feng jiao guan
引擎宝,引擎寶,11,yin qing bao
右下边梁,右下邊梁,11,you xia bian liang
人车合影,人車合影,11,ren che he ying
冒险鸭,冒險鴨,11,mao xian ya
前保险杠面板,前保險槓面板,11,qian bao xian gang mian ban
杭州嘉诺展览有限公司,杭州嘉諾展覽有限公司,11,hang zhou jia nuo zhan lan you xian gong si
前制动摩擦片,前制動摩擦片,11,qian zhi dong mo ca pian
曲轴前油封,曲軸前油封,11,qu zhou qian you feng
驱动小齿轮,驅動小齒輪,11,qu dong xiao chi lun
右侧窗玻璃,右側窗玻璃,11,you ce chuang bo li
氢气转子发动机,氫氣轉子發動機,11,qing qi zhuan zi fa dong ji
电瓶卡子,電瓶卡子,10,dian ping qia zi
帕克沃德,帕克沃德,10,pa ke wo de
二行程循环引擎,二行程循環引擎,10,er xing cheng xun huan yin qing
好词库,好詞庫,10,hao ci ku
膨涨阀,膨漲閥,10,peng zhang fa
后尾灯罩,後尾燈罩,10,hou wei deng zhao
改装技术人员,改裝技術人員,10,gai zhuang ji shu ren yuan
串联式制动总泵,串聯式制動總泵,10,chuan lian shi zhi dong zong beng
新旧件,新舊件,10,xin jiu jian
汽车装饰服务中心,汽車裝飾服務中心,10,qi che zhuang shi fu wu zhong xin
太空户,太空戶,10,tai kong hu
潜水跑车,潛水跑車,10,qian shui pao che
轮胎螺母拆装机,輪胎螺母拆裝機,10,lun tai luo mu chai zhuang ji
两厢半式轿车,兩廂半式轎車,10,liang xiang ban shi jiao che
制动硬管,制動硬管,9,zhi dong ying guan
翼子板隔音,翼子板隔音,9,yi zi ban ge yin
付钢板,付鋼板,9,fu gang ban
每缸气门数,每缸氣門數,9,mei gang qi men shu
电动车专用配件,電動車專用配件,9,dian dong che zhuan yong pei jian
面板装饰件,面板裝飾件,9,mian ban zhuang shi jian
试车评测,試車評測,9,shi che ping ce
哈飞路尊小霸王,哈飛路尊小霸王,9,ha fei lu zun xiao ba wang
消声器接管,消聲器接管,9,xiao sheng qi jie guan
汽车车体结构,汽車車體結構,9,qi che che ti jie gou
四冲程循环,四衝程循環,9,si chong cheng xun huan
隔音品牌,隔音品牌,9,ge yin pin pai
档拔叉,檔拔叉,9,dang ba cha
水泵部件,水泵部件,9,shui beng bu jian
转矩变换器,轉矩變換器,9,zhuan ju bian huan qi
雨刮间歇继电器,雨刮間歇繼電器,9,yu gua jian xie ji dian qi
游动齿轮,遊動齒輪,9,you dong chi lun
铃木红,鈴木紅,9,ling mu hong
车辆外迁,車輛外遷,9,che liang wai qian
后保险杠面板,後保險槓面板,9,hou bao xian gang mian ban
橡胶保护帽,橡膠保護帽,9,xiang jiao bao hu mao
水位感应器,水位感應器,9,shui wei gan ying qi
车门开度限位器,車門開度限位器,9,che men kai du xian wei qi
转向灯灯泡,轉向燈燈泡,9,zhuan xiang deng deng pao
路环小型赛车场,路環小型賽車場,8,lu huan xiao xing sai che chang
连杆校正器,連桿校正器,8,lian gan jiao zheng qi
汽车零部件整合,汽車零部件整合,8,qi che ling bu jian zheng he
叶子板内衬,葉子板內襯,8,ye zi ban nei chen
电子真空泵,電子真空泵,8,dian zi zhen kong beng
烟灰缸前,菸灰缸前,8,yan hui gang qian
定远试车场,定遠試車場,8,ding yuan shi che chang
有效燃油消耗率,有效燃油消耗率,8,you xiao ran you xiao hao lv
带束斜交轮胎,帶束斜交輪胎,8,dai shu xie jiao lun tai
重型汽车联营公司,重型汽車聯營公司,8,zhong xing qi che lian ying gong si
进气凸轮轴前,進氣凸輪軸前,8,jin qi tu lun zhou qian
转向节前,轉向節前,8,zhuan xiang jie qian
贝氏体球墨铸铁,貝氏體球墨鑄鐵,8,bei shi ti qiu mo zhu tie
轮胎翻新材料,輪胎翻新材料,7,lun tai fan xin cai liao
行星齿轮变速机构,行星齒輪變速機構,7,xing xing chi lun bian su ji gou
半自动操纵式变速器,半自動操縱式變速器,7,ban zi dong cao zong shi bian su qi
改舵车,改舵車,7,gai duo che
中国四大汽车集团,中國四大汽車集團,7,zhong guo si da qi che ji tuan
右后轮眉,右後輪眉,7,you hou lun mei
后围侧板,後圍側板,7,hou wei ce ban
左前门玻璃升降器,左前門玻璃升降器,7,zuo qian men bo li sheng jiang qi
便携油箱,便攜油箱,7,bian xie you xiang
汽车制动效能,汽車制動效能,7,qi che zhi dong xiao neng
柯尼希斯埃格,柯尼希斯埃格,7,ke ni xi si ai ge
废气回收管,廢氣回收管,7,fei qi hui shou guan
隔音材料厂,隔音材料廠,7,ge yin cai liao chang
行星齿轮托架,行星齒輪托架,7,xing xing chi lun tuo jia
黄海汽车工程学院,黃海汽車工程學院,7,huang hai qi che gong cheng xue yuan
汽车智能钥匙,汽車智能鑰匙,7,qi che zhi neng yao shi
稳定牵引控制系统,穩定牽引控制系統,7,wen ding qian yin kong zhi xi tong
玻璃摇把,玻璃搖把,7,bo li yao ba
分隔式燃烧室,分隔式燃燒室,7,fen ge shi ran shao shi
手扣防划膜,手扣防劃膜,7,shou kou fang hua mo
减磨垫片,減磨墊片,7,jian mo dian pian
风扇偶合器,風扇偶合器,6,feng shan ou he qi
门提钮,門提鈕,6,men ti niu
前保险杠骨架,前保險槓骨架,6,qian bao xian gang gu jia
双摇臂悬架,雙搖臂懸架,6,shuang yao bi xuan jia
梅格纳斯特耶,梅格納斯特耶,6,mei ge na si te ye
钢板胶套,鋼板膠套,6,gang ban jiao tao
变速箱开关,變速箱開關,6,bian su xiang kai guan
液压式离合器系统,液壓式離合器系統,6,ye ya shi li he qi xi tong
汽车启动电源,汽車啓動電源,6,qi che qi dong dian yuan
变速箱第一轴,變速箱第一軸,6,bian su xiang di yi zhou
汽车最小离地间隙,汽車最小離地間隙,6,qi che zui xiao li di jian xi
六角法兰面螺母,六角法蘭面螺母,6,liu jiao fa lan mian luo mu
从动圆柱齿,從動圓柱齒,6,cong dong yuan zhu chi
换挡锁止电磁阀,換擋鎖止電磁閥,6,huan dang suo zhi dian ci fa
转向管柱总成,轉向管柱總成,6,zhuan xiang guan zhu zong cheng
新嘉年华两厢,新嘉年華兩廂,6,xin jia nian hua liang xiang
凸缘叉,凸緣叉,6,tu yuan cha
中国专用汽车网,中國專用汽車網,6,zhong guo zhuan yong qi che wang
从动圆柱齿轮,從動圓柱齒輪,6,cong dong yuan zhu chi lun
引擎盖覆膜,引擎蓋覆膜,6,yin qing gai fu mo
下脚垫,下腳墊,6,xia jiao dian
轮胎侧偏刚度,輪胎側偏剛度,6,lun tai ce pian gang du
中国汽贸网,中國汽貿網,6,zhong guo qi mao wang
飞行吉普,飛行吉普,6,fei xing ji pu
数字式万用电表,數字式萬用電表,6,shu zi shi wan yong dian biao
前门脚踏,前門腳踏,6,qian men jiao ta
机油冷却器芯,機油冷卻器芯,6,ji you leng que qi xin
后排风出口,後排風出口,6,hou pai feng chu kou
丰田智慧,豐田智慧,6,feng tian zhi hui
乘员头颈保护系统,乘員頭頸保護系統,6,cheng yuan tou jing bao hu xi tong
传动轴凸缘,傳動軸凸緣,5,chuan dong zhou tu yuan
向心滚珠轴承,向心滾珠軸承,5,xiang xin gun zhu zhou cheng
福特全顺快运,福特全順快運,5,fu te quan shun kuai yun
防撞加强板,防撞加強板,5,fang zhuang jia qiang ban
冈比亚红,岡比亞紅,5,gang bi ya hong
护风圈,護風圈,5,hu feng quan
轮边减速器总成,輪邊減速器總成,5,lun bian jian su qi zong cheng
亚尔帕,亞爾帕,5,ya er pa
金牛座汽车,金牛座汽車,5,jin niu zuo qi che
液力转向泵,液力轉向泵,5,ye li zhuan xiang beng
右后挡泥板,右後擋泥板,5,you hou dang ni ban
中大金陵客车,中大金陵客車,5,zhong da jin ling ke che
排气门大,排氣門大,5,pai qi men da
右前车门玻璃,右前車門玻璃,5,you qian che men bo li
前罩壳,前罩殼,5,qian zhao ke
斜背式轿车,斜背式轎車,5,xie bei shi jiao che
湛江汽车网,湛江汽車網,5,zhan jiang qi che wang
梅塞得斯奔驰,梅塞得斯奔馳,5,mei sai de si ben chi
普利茅斯汽车公司,普利茅斯汽車公司,5,pu li mao si qi che gong si
助力泵开关,助力泵開關,5,zhu li beng kai guan
格雷那达,格雷那達,5,ge lei na da
盒盖左,盒蓋左,5,he gai zuo
安全气囊线束,安全氣囊線束,5,an quan qi nang xian shu
脉冲式电磁阀,脈衝式電磁閥,5,mai chong shi dian ci fa
楔形销,楔形銷,4,xie xing xiao
水箱胶垫,水箱膠墊,4,shui xiang jiao dian
水箱副水壶,水箱副水壺,4,shui xiang fu shui hu
制动灯开关总成,制動燈開關總成,4,zhi dong deng kai guan zong cheng
三效催化器,三效催化器,4,san xiao cui hua qi
全天候空调系统,全天候空調系統,4,quan tian hou kong tiao xi tong
谐振箱,諧振箱,4,xie zhen xiang
全息座舱,全息座艙,4,quan xi zuo cang
油泵单向阀,油泵單向閥,4,you beng dan xiang fa
水泵垫,水泵墊,4,shui beng dian
中间托架,中間托架,4,zhong jian tuo jia
前围线束,前圍線束,4,qian wei xian shu
挂车指示灯,掛車指示燈,4,gua che zhi shi deng
胎圈芯,胎圈芯,4,tai quan xin
菲利普岛赛道,菲利普島賽道,4,fei li pu dao sai dao
滤芯总成,濾芯總成,4,lv xin zong cheng
蒸发器芯子,蒸發器芯子,4,zheng fa qi xin zi
卡亚克,卡亞克,4,ka ya ke
路安汽车俱乐部,路安汽車俱樂部,4,lu an qi che ju le bu
格雷姆林,格雷姆林,4,ge lei mu lin
机盖铰链,機蓋鉸鏈,4,ji gai jiao lian
座椅调整器,座椅調整器,4,zuo yi tiao zheng qi
汽车机电技术,汽車機電技術,4,qi che ji dian ji shu
墨绿珍珠,墨綠珍珠,4,mo lv zhen zhu
圆锥主动齿轮轴承,圓錐主動齒輪軸承,4,yuan zhui zhu dong chi lun zhou cheng
转向轮定位仪,轉向輪定位儀,4,zhuan xiang lun ding wei yi
喷油泵齿轮,噴油泵齒輪,4,pen you beng chi lun
现代汽车检测诊断技术,現代汽車檢測診斷技術,4,xian dai qi che jian ce zhen duan ji shu
川汽野马,川汽野馬,4,chuan qi ye ma
脚垫黑色,腳墊黑色,4,jiao dian hei se
欧亚车业,歐亞車業,4,ou ya che ye
右角灯,右角燈,4,you jiao deng
下悬挂胶套,下懸掛膠套,4,xia xuan gua jiao tao
克莱斯勒指挥官,克萊斯勒指揮官,4,ke lai si lei zhi hui guan
温度传感器线束,溫度傳感器線束,3,wen du chuan gan qi xian shu
汽车平顺性随机输入行驶试验,汽車平順性隨機輸入行駛試驗,3,qi che ping shun xing sui ji shu ru hang shi shi yan
印地方程式赛,印地方程式賽,3,yin di fang cheng shi sai
油中宝,油中寶,3,you zhong bao
汽车轮距,汽車輪距,3,qi che lun ju
汽车梦工场,汽車夢工場,3,qi che meng gong chang
汽车牵引力控制系统,汽車牽引力控制系統,3,qi che qian yin li kong zhi xi tong
哈飞汽车路宝,哈飛汽車路寶,3,ha fei qi che lu bao
节气门垫,節氣門墊,3,jie qi men dian
紧急控制阀,緊急控制閥,3,jin ji kong zhi fa
汽车电脑维修教程,汽車電腦維修教程,3,qi che dian nao wei xiu jiao cheng
博世蜗牛喇叭,博世蝸牛喇叭,3,bo shi wo niu la ba
曼胡默尔集团,曼胡默爾集團,3,man hu mo er ji tuan
最新汽车正时校对手册,最新汽車正時校對手冊,3,zui xin qi che zheng shi jiao dui shou ce
后轮罩护板,後輪罩護板,3,hou lun zhao hu ban
长安福特新福克斯,長安福特新福克斯,3,chang an fu te xin fu ke si
左后门玻璃升降器,左後門玻璃升降器,3,zuo hou men bo li sheng jiang qi
离合器盖及压盘总成,離合器蓋及壓盤總成,3,li he qi gai ji ya pan zong cheng
右前小灯,右前小燈,3,you qian xiao deng
左前分泵,左前分泵,3,zuo qian fen beng
扭力支架,扭力支架,3,niu li zhi jia
发射极耦合逻辑电路,發射極耦合邏輯電路,3,fa she ji ou he luo ji dian lu
北美之鹰号,北美之鷹號,3,bei mei zhi ying hao
汽油液位传感器,汽油液位傳感器,3,qi you ye wei chuan gan qi
约斯帝,約斯帝,3,yue si di
中间传动齿轮,中間傳動齒輪,3,zhong jian chuan dong chi lun
引擎波司,引擎波司,3,yin qing bo si
郑州北环汽配车饰广场,鄭州北環汽配車飾廣場,3,zheng zhou bei huan qi pei che shi guang chang
江苏女神汽车集团公司,江蘇女神汽車集團公司,3,jiang su nv shen qi che ji tuan gong si
北美之鹰,北美之鷹,3,bei mei zhi ying
车辆稳定性操控系统,車輛穩定性操控系統,3,che liang wen ding xing cao kong xi tong
排气管隔热板,排氣管隔熱板,3,pai qi guan ge re ban
汽车音响解码大全,汽車音響解碼大全,3,qi che yin xiang jie ma da quan
永磁减速起动机,永磁減速起動機,3,yong ci jian su qi dong ji
品车网,品車網,3,pin che wang
前杠骨架,前槓骨架,3,qian gang gu jia
进气门摇臂,進氣門搖臂,3,jin qi men yao bi
中间轴常啮合齿轮,中間軸常齧合齒輪,3,zhong jian zhou chang nie he chi lun
轮边总成,輪邊總成,3,lun bian zong cheng
中空充钠气门,中空充鈉氣門,3,zhong kong chong na qi men
气门调整螺丝,氣門調整螺絲,3,qi men tiao zheng luo si
空调皮带张紧轮,空調皮帶張緊輪,3,kong tiao pi dai zhang jin lun
初生石墨,初生石墨,3,chu sheng shi mo
驻车制动指示灯,駐車制動指示燈,3,zhu che zhi dong zhi shi deng
长丰猎豹骐菱,長豐獵豹騏菱,3,zhang feng lie bao qi ling
保险继电器,保險繼電器,3,bao xian ji dian qi
汽车扭矩,汽車扭矩,3,qi che niu ju
汽车平顺性单脉冲输入行驶试验,汽車平順性單脈衝輸入行駛試驗,3,qi che ping shun xing dan mai chong shu ru hang shi shi yan
液压油压力表,液壓油壓力錶,3,ye ya you ya li biao
印第安纳赛道,印第安納賽道,3,yin di an na sai dao
嘉华起亚,嘉華起亞,3,jia hua qi ya
钢圈清洗剂,鋼圈清洗劑,3,gang quan qing xi ji
曲轴位置感应器,曲軸位置感應器,3,qu zhou wei zhi gan ying qi
叶子板灯,葉子板燈,3,ye zi ban deng
设计硬点,設計硬點,3,she ji ying dian
左后侧围,左後側圍,3,zuo hou ce wei
动力转向油罐总成,動力轉向油罐總成,2,dong li zhuan xiang you guan zong cheng
牌照灯护板,牌照燈護板,2,pai zhao deng hu ban
珠海汽车网,珠海汽車網,2,zhu hai qi che wang
罩盖垫,罩蓋墊,2,zhao gai dian
差速器小齿轮,差速器小齒輪,2,cha su qi xiao chi lun
伯诺赛道,伯諾賽道,2,bo nuo sai dao
雨刮盖板,雨刮蓋板,2,yu gua gai ban
汽车安全驾驶技术,汽車安全駕駛技術,2,qi che an quan jia shi ji shu
前钢板后支架,前鋼板後支架,2,qian gang ban hou zhi jia
真空管硬,真空管硬,2,zhen kong guan ying
通用件与标准件,通用件與標準件,2,tong yong jian yu biao zhun jian
越野车论坛,越野車論壇,2,yue ye che lun tan
换气门座圈,換氣門座圈,2,huan qi men zuo quan
鼓风机壳,鼓風機殼,2,gu feng ji ke
摩托车防晒垫,摩托車防曬墊,2,mo tuo che fang shai dian
空调暖风开关,空調暖風開關,2,kong tiao nuan feng kai guan
半轴齿轮垫,半軸齒輪墊,2,ban zhou chi lun dian
残缺类缺陷,殘缺類缺陷,2,can que lei que xian
驾驶室减震器,駕駛室減震器,2,jia shi shi jian zhen qi
供油提前器,供油提前器,2,gong you ti qian qi
粉末冶金衬套,粉末冶金襯套,2,fen mo ye jin chen tao
山西宇星客车有限公司,山西宇星客車有限公司,2,shan xi yu xing ke che you xian gong si
前刹车分泵支架,前剎車分泵支架,2,qian sha che fen beng zhi jia
汽车品牌与文化,汽車品牌與文化,2,qi che pin pai yu wen hua
曲前油封,曲前油封,2,qu qian you feng
荣茂隔音,榮茂隔音,2,rong mao ge yin
左右侧盖,左右側蓋,2,zuo you ce gai
全方位车体吸撞结构,全方位車體吸撞結構,2,quan fang wei che ti xi zhuang jie gou
法拉利越野车,法拉利越野車,2,fa la li yue ye che
汽车动力指标,汽車動力指標,2,qi che dong li zhi biao
前制动分室,前制動分室,2,qian zhi dong fen shi
前钢板前支架,前鋼板前支架,2,qian gang ban qian zhi jia
轮边壳,輪邊殼,2,lun bian ke
毛线法拉利,毛線法拉利,2,mao xian fa la li
进气道转换阀,進氣道轉換閥,2,jin qi dao zhuan huan fa
高浓度固化剂,高濃度固化劑,2,gao nong du gu hua ji
油路总成测试机,油路總成測試機,2,you lu zong cheng ce shi ji
凯越前挡玻璃,凱越前擋玻璃,2,kai yue qian dang bo li
周申一,周申一,2,zhou shen yi
曲轴位置感知器,曲軸位置感知器,2,qu zhou wei zhi gan zhi qi
鼓风机电阻,鼓風機電阻,2,gu feng ji dian zu
玛希拉蒂,瑪希拉蒂,2,ma xi la di
膜片式制动气室,膜片式制動氣室,2,mo pian shi zhi dong qi shi
梦迪博朗,夢迪博朗,2,meng di bo lang
欧洲纽博格林赛道,歐洲紐博格林賽道,2,ou zhou niu bo ge lin sai dao
轮芯盖,輪芯蓋,2,lun xin gai
变速箱一轴油封,變速箱一軸油封,2,bian su xiang yi zhou you feng
钢圈铝,鋼圈鋁,2,gang quan lv
前止点,前止點,2,qian zhi dian
钢板垫块,鋼板墊塊,2,gang ban dian kuai
变扭器切割设备,變扭器切割設備,2,bian niu qi qie ge she bei
野马福特,野馬福特,2,ye ma fu te
标准型弹簧垫圈,標準型彈簧墊圈,2,biao zhun xing tan huang dian juan
直拉杆接头总成,直拉桿接頭總成,2,zhi la gan jie tou zong cheng
制动鼓后,制動鼓後,2,zhi dong gu hou
充电卡子,充電卡子,2,chong dian qia zi
格栅保险杠,格柵保險槓,2,ge zha bao xian gang
浙江瑞立集团公司,浙江瑞立集團公司,2,zhe jiang rui li ji tuan gong si
摩纳罗,摩納羅,2,mo na luo
尾灯支架,尾燈支架,2,wei deng zhi jia
油箱浮筒,油箱浮筒,2,you xiang fu tong
汽车智能安全气囊,汽車智能安全氣囊,2,qi che zhi neng an quan qi nang
汽车最大爬坡度,汽車最大爬坡度,2,qi che zui da pa po du
万向液压,萬向液壓,2,wan xiang ye ya
宿迁客运总站,宿遷客運總站,2,su qian ke yun zong zhan
右后侧围,右後側圍,2,you hou ce wei
名车背后的故事,名車背後的故事,2,ming che bei hou de gu shi
圆柱齿轮壳,圓柱齒輪殼,1,yuan zhu chi lun ke
汽车用品与附件,汽車用品與附件,1,qi che yong pin yu fu jian
汽车自动变速器挡位,汽車自動變速器擋位,1,qi che zi dong bian su qi dang wei
防碎安全玻璃,防碎安全玻璃,1,fang sui an quan bo li
马自达八,馬自達八,1,ma zi da ba
风华一号,風華一號,1,feng hua yi hao
后备箱盖隔音,後備箱蓋隔音,1,hou bei xiang gai ge yin
轮眉卡扣,輪眉卡扣,1,lun mei ka kou
马力车重比,馬力車重比,1,ma li che zhong bi
变速箱前油封,變速箱前油封,1,bian su xiang qian you feng
精品组件,精品組件,1,jing pin zu jian
锥形堵塞,錐形堵塞,1,zhui xing du se
美式校车,美式校車,1,mei shi xiao che
嘉川汽车,嘉川汽車,1,jia chuan qi che
地盘测功机,地盤測功機,1,di pan ce gong ji
四档同步器,四檔同步器,1,si dang tong bu qi
两分频喇叭,兩分頻喇叭,1,liang fen pin la ba
右前叶子板内衬,右前葉子板內襯,1,you qian ye zi ban nei chen
熄火拉线,熄火拉線,1,xi huo la xian
凸轮轴位置感知器,凸輪軸位置感知器,1,tu lun zhou wei zhi gan zhi qi
烟台国际车展,煙臺國際車展,1,yan tai guo ji che zhan
前制动臂,前制動臂,1,qian zhi dong bi
有效摩擦面积,有效摩擦面積,1,you xiao mo ca mian ji
汽车汽配专业服务,汽車汽配專業服務,1,qi che qi pei zhuan ye fu wu
中段消声器,中段消聲器,1,zhong duan xiao sheng qi
精灵奔驰,精靈奔馳,1,jing ling ben chi
发动机下挡板,發動機下擋板,1,fa dong ji xia dang ban
前制动蹄支销,前制動蹄支銷,1,qian zhi dong ti zhi xiao
汽车高位制动灯,汽車高位制動燈,1,qi che gao wei zhi dong deng
中兴汽车驰野,中興汽車馳野,1,zhong xing qi che chi ye
制动器制动力分配系数,制動器制動力分配係數,1,zhi dong qi zhi dong li fen pei xi shu
多路传输控制单元,多路傳輸控制單元,1,duo lu chuan shu kong zhi dan yuan
插入螺母,插入螺母,1,cha ru luo mu
后钢板销,後鋼板銷,1,hou gang ban xiao
常见汽车品牌,常見汽車品牌,1,chang jian qi che pin pai
分离轴承卡簧,分離軸承卡簧,1,fen li zhou cheng ka huang
消声器前进气管总成,消聲器前進氣管總成,1,xiao sheng qi qian jin qi guan zong cheng
汽车的零公里,汽車的零公里,1,qi che de ling gong li
野猫赛,野貓賽,1,ye mao sai
中桥园柱齿轮壳,中橋園柱齒輪殼,1,zhong qiao yuan zhu chi lun ke
曼牡丹,曼牡丹,1,man mu dan
丰田锡耶纳,豐田錫耶納,1,feng tian xi ye na
二手汽车按揭贷款,二手汽車按揭貸款,1,er shou qi che an jie dai kuan
奥迪风洞中心,奧迪風洞中心,1,ao di feng dong zhong xin
前下导向臂,前下導向臂,1,qian xia dao xiang bi
变扭器维修设备,變扭器維修設備,1,bian niu qi wei xiu she bei
后雾灯开关总成,後霧燈開關總成,1,hou wu deng kai guan zong cheng
中兴汽车标志,中興汽車標誌,1,zhong xing qi che biao zhi
牙嵌式自锁差速器,牙嵌式自鎖差速器,1,ya qian shi zi suo cha su qi
车辆外摆值,車輛外擺值,1,che liang wai bai zhi
车载后座娱乐系统,車載後座娛樂系統,1,che zai hou zuo yu le xi tong
福特爱虎,福特愛虎,1,fu te ai hu
强制式曲轴箱通风,強制式曲軸箱通風,1,qiang zhi shi qu zhou xiang tong feng
中间传动轴总成,中間傳動軸總成,1,zhong jian chuan dong zhou zong cheng
汽车防追尾装置,汽車防追尾裝置,1,qi che fang zhui wei zhuang zhi
电瓶盖板,電瓶蓋板,1,dian ping gai ban
缩微图纸,縮微圖紙,1,suo wei tu zhi
复合行星齿轮,複合行星齒輪,1,fu he xing xing chi lun
右后车门玻璃,右後車門玻璃,1,you hou che men bo li
一汽大众汽车俱乐部,一汽大衆汽車俱樂部,1,yi qi da zhong qi che ju le bu
夏茅汽车客运站,夏茅汽車客運站,1,xia mao qi che ke yun zhan
暖风机出风口,暖風機出風口,1,nuan feng ji chu feng kou
汽车机械制图,汽車機械製圖,1,qi che ji xie zhi tu
轮罩,輪罩,1,lun zhao
英国劳斯莱斯集团,英國勞斯萊斯集團,1,ying guo lao si lai si ji tuan
倒车视频影像,倒車視頻影像,1,dao che shi pin ying xiang
佛轮尔,佛輪爾,1,fu lun er
车坛百分百,車壇百分百,1,che tan bai fen bai
旋转分流阀,旋轉分流閥,1,xuan zhuan fen liu fa
时规涨紧轮,時規漲緊輪,1,shi gui zhang jin lun
总成吊装设备,總成吊裝設備,1,zong cheng diao zhuang she bei
机油压力感应器,機油壓力感應器,1,ji you ya li gan ying qi
内室镜,內室鏡,1,nei shi jing
高音倒模,高音倒模,1,gao yin dao mo
后尾灯支架,後尾燈支架,1,hou wei deng zhi jia
无线遥控防盗锁,無線遙控防盜鎖,1,wu xian yao kong fang dao suo
空气滤芯总成,空氣濾芯總成,1,kong qi lv xin zong cheng
吉里耶塔,吉里耶塔,1,ji li ye ta
车身清洗设备,車身清洗設備,1,che shen qing xi she bei
浙江车网,浙江車網,1,zhe jiang che wang
车门折页,車門摺頁,1,che men zhe ye
自动排档变速箱,自動排檔變速箱,1,zi dong pai dang bian su xiang
植草喷播车,植草噴播車,1,zhi cao pen bo che
转子传感器,轉子傳感器,1,zhuan zi chuan gan qi
汽车运行作业计划,汽車運行作業計劃,1,qi che yun xing zuo ye ji hua
汽车挡位数,汽車擋位數,1,qi che dang wei shu
手继动阀,手繼動閥,1,shou ji dong fa
骆驼电瓶,駱駝電瓶,1,luo tuo dian ping
偏心轴位置传感器,偏心軸位置傳感器,1,pian xin zhou wei zhi chuan gan qi
